codigo_ine,nome,municipio,populacao
010103,Aguada de Cima,Águeda,3893
010109,Fermentelos,Águeda,3028
010112,Macinhata do Vouga,Águeda,3210
010119,Valongo do Vouga,Águeda,4648
010124,Recardães e Espinhel,Águeda,5755
010125,Travassô e Óis da Ribeira,Águeda,2203
010126,"Trofa, Segadães e Lamas do Vouga",Águeda,4471
010127,Préstimo e Macieira de Alcoba,Águeda,703
010128,Agadão,Águeda,314
010129,Aguada de Baixo,Águeda,1294
010130,Águeda,Águeda,11606
010131,Barrô,Águeda,1794
010132,Belazaima do Chão,Águeda,528
010133,Borralha,Águeda,2099
010134,Castanheira do Vouga,Águeda,573
010202,Alquerubim,Albergaria-a-Velha,2233
010203,Angeja,Albergaria-a-Velha,1875
010204,Branca,Albergaria-a-Velha,5427
010206,Ribeira de Fráguas,Albergaria-a-Velha,1494
010209,Albergaria-a-Velha e Valmaior,Albergaria-a-Velha,11058
010210,São João de Loure e Frossos,Albergaria-a-Velha,2753
010304,Avelãs de Caminho,Anadia,1294
010305,Avelãs de Cima,Anadia,1953
010307,Moita,Anadia,2206
010309,Sangalhos,Anadia,3835
010310,São Lourenço do Bairro,Anadia,2288
010312,Vila Nova de Monsarros,Anadia,1545
010313,Vilarinho do Bairro,Anadia,2491
010316,"Amoreira da Gândara, Paredes do Bairro e Ancas",Anadia,2429
010317,Arcos e Mogofores,Anadia,6239
010318,"Tamengos, Aguim e Óis do Bairro",Anadia,3252
010402,Alvarenga,Arouca,1057
010407,Chave,Arouca,1270
010409,Escariz,Arouca,2111
010411,Fermedo,Arouca,1261
010413,Mansores,Arouca,1100
010414,Moldes,Arouca,1126
010415,Rossas,Arouca,1491
010416,Santa Eulália,Arouca,2120
010417,São Miguel do Mato,Arouca,550
010418,Tropeço,Arouca,1086
010419,Urrô,Arouca,900
010420,Várzea,Arouca,534
010421,Arouca e Burgo,Arouca,5120
010422,Cabreiros e Albergaria da Serra,Arouca,185
010423,Canelas e Espiunca,Arouca,1064
010424,Covelo de Paivó e Janarde,Arouca,171
010501,Aradas,Aveiro,10132
010502,Cacia,Aveiro,6830
010505,Esgueira,Aveiro,13422
010508,Oliveirinha,Aveiro,4734
010510,São Bernardo,Aveiro,5273
010511,São Jacinto,Aveiro,758
010513,Santa Joana,Aveiro,8035
010515,Eixo e Eirol,Aveiro,6159
010516,"Requeixo, Nossa Senhora de Fátima e Nariz",Aveiro,4361
010517,Glória e Vera Cruz,Aveiro,21250
010602,Fornos,Castelo de Paiva,1277
010606,Real,Castelo de Paiva,1194
010607,Santa Maria de Sardoura,Castelo de Paiva,2274
010608,São Martinho de Sardoura,Castelo de Paiva,1849
010612,Bairros,Castelo de Paiva,1926
010613,Paraíso,Castelo de Paiva,847
010614,Pedorido,Castelo de Paiva,1313
010615,Raiva,Castelo de Paiva,2048
010616,Sobrado,Castelo de Paiva,2858
010702,Espinho,Espinho,10432
010704,Paramos,Espinho,3127
010705,Silvalde,Espinho,6108
010707,Anta,Espinho,10104
010708,Guetim,Espinho,1272
010801,Avanca,Estarreja,5732
010805,Pardilhó,Estarreja,4232
010806,Salreu,Estarreja,3673
010809,Canelas e Fermelã,Estarreja,2673
010810,Beduído,Estarreja,7592
010811,Veiros,Estarreja,2311
010901,Argoncilhe,Santa Maria da Feira,8181
010902,Arrifana,Santa Maria da Feira,6311
010904,Escapães,Santa Maria da Feira,3315
010907,Fiães,Santa Maria da Feira,7096
010908,Fornos,Santa Maria da Feira,3433
010913,Lourosa,Santa Maria da Feira,8003
010914,Milheirós de Poiares,Santa Maria da Feira,3594
010916,Mozelos,Santa Maria da Feira,7297
010917,Nogueira da Regedoura,Santa Maria da Feira,5723
010918,São Paio de Oleiros,Santa Maria da Feira,3661
010919,Paços de Brandão,Santa Maria da Feira,4775
010921,Rio Meão,Santa Maria da Feira,4813
010922,Romariz,Santa Maria da Feira,2739
010924,Sanguedo,Santa Maria da Feira,3474
010925,Santa Maria de Lamas,Santa Maria da Feira,4747
010926,São João de Ver,Santa Maria da Feira,11026
010935,"Santa Maria da Feira, Travanca, Sanfins e Espargo",Santa Maria da Feira,19788
010937,Caldas de São Jorge,Santa Maria da Feira,2653
010938,Canedo,Santa Maria da Feira,5713
010939,Gião,Santa Maria da Feira,1706
010940,Guisande,Santa Maria da Feira,1148
010941,Lobão,Santa Maria da Feira,5490
010942,Louredo,Santa Maria da Feira,1303
010943,Mosteirô,Santa Maria da Feira,1988
010944,Pigeiros,Santa Maria da Feira,1035
010945,São Miguel de Souto,Santa Maria da Feira,4493
010946,Vale,Santa Maria da Feira,1712
010947,Vila Maior,Santa Maria da Feira,1457
011005,Gafanha da Encarnação,Ílhavo,5318
011006,Gafanha da Nazaré,Ílhavo,15551
011007,Gafanha do Carmo,Ílhavo,1691
011008,Ílhavo (São Salvador),Ílhavo,16675
011102,Barcouço,Mealhada,2090
011103,Casal Comba,Mealhada,3073
011104,Luso,Mealhada,2276
011106,Pampilhosa,Mealhada,3858
011107,Vacariça,Mealhada,1678
011110,Antes,Mealhada,925
011111,Mealhada,Mealhada,4525
011112,Ventosa do Bairro,Mealhada,923
011201,Bunheiro,Murtosa,2497
011202,Monte,Murtosa,1568
011203,Murtosa,Murtosa,3503
011204,Torreira,Murtosa,2908
011301,Carregosa,Oliveira de Azeméis,3466
011302,Cesar,Oliveira de Azeméis,3072
011303,Fajões,Oliveira de Azeméis,2896
011304,Loureiro,Oliveira de Azeméis,3638
011305,Macieira de Sarnes,Oliveira de Azeméis,1856
011310,Ossela,Oliveira de Azeméis,1918
011315,São Martinho da Gândara,Oliveira de Azeméis,1854
011318,São Roque,Oliveira de Azeméis,5023
011319,Vila de Cucujães,Oliveira de Azeméis,9962
011321,"Oliveira de Azeméis, Santiago de Riba-Ul, Ul, Macinhata da Seixa e Madail",Oliveira de Azeméis,20665
011322,"Pinheiro da Bemposta, Travanca e Palmaz",Oliveira de Azeméis,6735
011323,Nogueira do Cravo,Oliveira de Azeméis,2677
011324,Pindelo,Oliveira de Azeméis,2413
011403,Oiã,Oliveira do Bairro,7862
011404,Oliveira do Bairro,Oliveira do Bairro,6385
011405,Palhaça,Oliveira do Bairro,2664
011407,"Bustos, Troviscal e Mamarrosa",Oliveira do Bairro,6221
011502,Cortegaça,Ovar,3746
011503,Esmoriz,Ovar,11922
011504,Maceda,Ovar,3380
011507,Válega,Ovar,6474
011510,Arada,Ovar,3100
011511,Ovar,Ovar,18148
011512,São João,Ovar,6042
011513,São Vicente de Pereira Jusã,Ovar,2141
011601,São João da Madeira,São João da Madeira,22143
011702,Couto de Esteves,Sever do Vouga,712
011704,Pessegueiro do Vouga,Sever do Vouga,1715
011705,Rocas do Vouga,Sever do Vouga,1508
011706,Sever do Vouga,Sever do Vouga,2715
011708,Talhadas,Sever do Vouga,1126
011712,Cedrim,Sever do Vouga,732
011713,Dornelas,Sever do Vouga,539
011714,Paradela,Sever do Vouga,623
011715,Silva Escura,Sever do Vouga,1393
011801,Calvão,Vagos,2186
011804,Gafanha da Boa Hora,Vagos,2848
011805,Ouca,Vagos,1750
011807,Sosa,Vagos,2817
011810,Santo André de Vagos,Vagos,2046
011815,Covão do Lobo,Vagos,892
011816,Fonte de Angeão,Vagos,1124
011817,Ponte de Vagos,Vagos,1869
011818,Santa Catarina,Vagos,1014
011819,Santo António,Vagos,1743
011820,Vagos,Vagos,4597
011901,Arões,Vale de Cambra,1169
011902,São Pedro de Castelões,Vale de Cambra,6831
011903,Cepelos,Vale de Cambra,1157
011905,Junqueira,Vale de Cambra,834
011906,Macieira de Cambra,Vale de Cambra,4390
011907,Roge,Vale de Cambra,1540
011910,"Vila Chã, Codal e Vila Cova de Perrinho",Vale de Cambra,5348
020102,Ervidel,Aljustrel,917
020103,Messejana,Aljustrel,811
020104,São João de Negrilhos,Aljustrel,1360
020107,Aljustrel,Aljustrel,5125
020108,Rio de Moinhos,Aljustrel,661
020203,Rosário,Almodôvar,592
020205,Santa Cruz,Almodôvar,483
020206,São Barnabé,Almodôvar,371
020208,Aldeia dos Fernandes,Almodôvar,515
020211,Almodôvar,Almodôvar,3658
020212,Gomes Aires,Almodôvar,300
020213,Santa Clara-a-Nova,Almodôvar,485
020214,Senhora da Graça dos Padrões,Almodôvar,308
020301,Alvito,Alvito,1196
020302,Vila Nova da Baronia,Alvito,1084
020401,Barrancos,Barrancos,1438
020502,Baleizão,Beja,884
020503,Beringel,Beja,1188
020504,Cabeça Gorda,Beja,1125
020506,Nossa Senhora das Neves,Beja,1525
020510,Santa Clara de Louredo,Beja,747
020516,São Matias,Beja,513
020519,Albernoa e Trindade,Beja,889
020520,Beja (Salvador e Santa Maria da Feira),Beja,10710
020521,Beja (Santiago Maior e São João Baptista),Beja,13363
020522,Salvada e Quintos,Beja,1181
020523,Santa Vitória e Mombeja,Beja,784
020524,Trigaches e São Brissos,Beja,485
020603,Entradas,Castro Verde,593
020604,Santa Bárbara de Padrões,Castro Verde,731
020605,São Marcos da Ataboeira,Castro Verde,260
020606,Castro Verde e Casével,Castro Verde,5289
020701,Cuba,Cuba,3092
020702,Faro do Alentejo,Cuba,485
020703,Vila Alva,Cuba,416
020704,Vila Ruiva,Cuba,380
020803,Figueira dos Cavaleiros,Ferreira do Alentejo,1185
020804,Odivelas,Ferreira do Alentejo,473
020809,Alfundão,Ferreira do Alentejo,928
020810,Canhestros,Ferreira do Alentejo,433
020811,Ferreira do Alentejo,Ferreira do Alentejo,4306
020812,Peroguarda,Ferreira do Alentejo,359
020901,Alcaria Ruiva,Mértola,630
020902,Corte do Pinto,Mértola,735
020903,Espírito Santo,Mértola,329
020904,Mértola,Mértola,2504
020905,Santana de Cambas,Mértola,750
020906,São João dos Caldeireiros,Mértola,442
020910,"São Miguel do Pinheiro, São Pedro de Solis e São Sebastião dos Carros",Mértola,816
021001,Amareleja,Moura,2030
021002,Póvoa de São Miguel,Moura,761
021008,Sobral da Adiça,Moura,862
021009,Moura (Santo Agostinho e São João Baptista) e Santo Amador,Moura,8039
021011,Safara,Moura,909
021012,Santo Aleixo da Restauração,Moura,657
021102,Relíquias,Odemira,995
021103,Sabóia,Odemira,922
021106,São Luís,Odemira,1883
021107,São Martinho das Amoreiras,Odemira,1047
021111,Vila Nova de Milfontes,Odemira,5660
021115,Luzianes-Gare,Odemira,374
021116,Boavista dos Pinheiros,Odemira,1975
021117,Longueira/Almograve,Odemira,2334
021119,Santa Clara-a-Velha,Odemira,633
021120,São Salvador e Santa Maria,Odemira,3373
021121,São Teotónio,Odemira,8699
021123,Bicos,Odemira,442
021124,Colos,Odemira,784
021125,Vale de Santiago,Odemira,417
021203,Ourique,Ourique,2804
021206,Santana da Serra,Ourique,660
021208,Panoias e Conceição,Ourique,488
021209,Garvão,Ourique,595
021210,Santa Luzia,Ourique,292
021302,Brinches,Serpa,930
021303,Pias,Serpa,2542
021307,Vila Verde de Ficalho,Serpa,1255
021308,Serpa (Salvador e Santa Maria),Serpa,5595
021310,Vale de Vargo,Serpa,831
021311,Vila Nova de São Bento,Serpa,2604
021401,Pedrógão,Vidigueira,937
021402,Selmes,Vidigueira,780
021403,Vidigueira,Vidigueira,2659
021404,Vila de Frades,Vidigueira,799
030102,Barreiros,Amares,739
030104,Bico,Amares,816
030105,Caires,Amares,878
030107,Carrazedo,Amares,723
030108,Dornelas,Amares,510
030111,Fiscal,Amares,712
030112,Goães,Amares,490
030113,Lago,Amares,1824
030118,Rendufe,Amares,1080
030119,Bouro (Santa Maria),Amares,659
030120,Bouro (Santa Marta),Amares,427
030125,Amares e Figueiredo,Amares,2767
030126,"Caldelas, Sequeiros e Paranhos",Amares,1125
030127,"Ferreiros, Prozelo e Besteiros",Amares,4728
030128,Torre e Portela,Amares,563
030129,"Vilela, Seramil e Paredes Secas",Amares,554
030201,Abade de Neiva,Barcelos,2009
030202,Aborim,Barcelos,827
030203,Adães,Barcelos,755
030205,Airó,Barcelos,883
030206,Aldreu,Barcelos,795
030208,Alvelos,Barcelos,2010
030209,Arcozelo,Barcelos,12824
030210,Areias,Barcelos,1026
030212,Balugães,Barcelos,787
030213,Barcelinhos,Barcelos,1869
030215,Barqueiros,Barcelos,1916
030216,Cambeses,Barcelos,1236
030218,Carapeços,Barcelos,2168
030220,Carvalhal,Barcelos,1233
030221,Carvalhas,Barcelos,692
030224,Cossourado,Barcelos,758
030228,Cristelo,Barcelos,1657
030234,Fornelos,Barcelos,803
030235,Fragoso,Barcelos,2069
030237,Gilmonde,Barcelos,1497
030242,Lama,Barcelos,1164
030243,Lijó,Barcelos,2425
030244,Macieira de Rates,Barcelos,1907
030245,Manhente,Barcelos,1705
030247,Martim,Barcelos,2051
030252,Moure,Barcelos,921
030254,Oliveira,Barcelos,986
030255,Palme,Barcelos,1045
030256,Panque,Barcelos,631
030257,Paradela,Barcelos,789
030259,Pereira,Barcelos,1241
030260,Perelhal,Barcelos,1700
030261,Pousa,Barcelos,2218
030263,Remelhe,Barcelos,1280
030264,Roriz,Barcelos,2021
030265,Rio Covo (Santa Eugénia),Barcelos,1556
030268,Galegos (Santa Maria),Barcelos,2848
030272,Galegos (São Martinho),Barcelos,1842
030277,Tamel (São Veríssimo),Barcelos,2915
030279,Silva,Barcelos,900
030282,Ucha,Barcelos,1416
030283,Várzea,Barcelos,1934
030287,Vila Seca,Barcelos,1064
030290,Alheira e Igreja Nova,Barcelos,1347
030291,Alvito (São Pedro e São Martinho) e Couto,Barcelos,1446
030292,Areias de Vilar e Encourados,Barcelos,1740
030294,Campo e Tamel (São Pedro Fins),Barcelos,1509
030295,Carreira e Fonte Coberta,Barcelos,2022
030296,"Chorente, Góios, Courel, Pedra Furada e Gueral",Barcelos,2454
030297,Creixomil e Mariz,Barcelos,1112
030298,Durrães e Tregosa,Barcelos,1379
030299,Gamil e Midões,Barcelos,1377
0302FA,"Milhazes, Vilar de Figos e Faria",Barcelos,1993
0302FB,Negreiros e Chavão,Barcelos,2203
0302FC,Quintiães e Aguiar,Barcelos,1080
0302FD,Sequeade e Bastuço (São João e Santo Estevão),Barcelos,1808
0302FF,Tamel (Santa Leocádia) e Vilar do Monte,Barcelos,1269
0302FG,"Viatodos, Grimancelos, Minhotães e Monte de Fralães",Barcelos,3744
0302FH,Vila Cova e Feitos,Barcelos,2449
0302FI,Barcelos,Barcelos,4711
0302FJ,Rio Covo (Santa Eulália),Barcelos,976
0302FK,Silveiros,Barcelos,1122
0302FL,Vila Boa,Barcelos,2570
0302FM,Vila Frescaínha (São Martinho),Barcelos,2474
0302FN,Vila Frescaínha (São Pedro),Barcelos,1594
030301,Adaúfe,Braga,3587
030312,Espinho,Braga,1057
030313,Esporões,Braga,1713
030315,Figueiredo,Braga,1150
030319,Gualtar,Braga,6761
030322,Lamas,Braga,852
030325,Mire de Tibães,Braga,2344
030330,Padim da Graça,Braga,1416
030331,Palmeira,Braga,5700
030334,Pedralva,Braga,1060
030336,Priscos,Braga,1256
030338,Ruilhe,Braga,1110
030349,Braga (São Vicente),Braga,13974
030351,Braga (São Vítor),Braga,32876
030354,Sequeira,Braga,1741
030355,Sobreposta,Braga,1267
030356,Tadim,Braga,1267
030357,Tebosa,Braga,1081
030363,Arentim e Cunha,Braga,1406
030364,"Braga (Maximinos, Sé e Cividade)",Braga,15087
030365,Braga (São José de São Lázaro e São João do Souto),Braga,14791
030366,Cabreiros e Passos (São Julião),Braga,2082
030367,"Celeirós, Aveleda e Vimieiro",Braga,6742
030368,Crespos e Pousada,Braga,1231
030369,Escudeiros e Penso (Santo Estêvão e São Vicente),Braga,1823
030370,Este (São Pedro e São Mamede),Braga,4066
030371,Ferreiros e Gondizalves,Braga,9976
030372,Guisande e Oliveira (São Pedro),Braga,1072
030373,Lomar e Arcos,Braga,7265
030374,"Merelim (São Paio), Panoias e Parada de Tibães",Braga,5168
030375,Merelim (São Pedro) e Frossos,Braga,3935
030376,Morreira e Trandeiras,Braga,1364
030377,"Nogueira, Fraião e Lamaçães",Braga,15015
030378,Nogueiró e Tenões,Braga,5946
030379,"Real, Dume e Semelhe",Braga,13682
030380,Santa Lucrécia de Algeriz e Navarra,Braga,909
030381,Vilaça e Fradelos,Braga,1552
030401,Abadim,Cabeceiras de Basto,472
030404,Basto,Cabeceiras de Basto,893
030405,Bucos,Cabeceiras de Basto,469
030406,Cabeceiras de Basto,Cabeceiras de Basto,616
030407,Cavez,Cabeceiras de Basto,1133
030408,Faia,Cabeceiras de Basto,555
030413,Pedraça,Cabeceiras de Basto,694
030415,Rio Douro,Cabeceiras de Basto,816
030418,Alvite e Passos,Cabeceiras de Basto,1039
030419,Arco de Baúlhe e Vila Nune,Cabeceiras de Basto,1950
030420,Gondiães e Vilar de Cunhas,Cabeceiras de Basto,347
030422,Outeiro,Cabeceiras de Basto,1071
030423,Painzela,Cabeceiras de Basto,777
030424,Refojos de Basto,Cabeceiras de Basto,4726
030501,Agilde,Celorico de Basto,1159
030502,Arnóia,Celorico de Basto,1512
030503,Borba de Montanha,Celorico de Basto,1116
030508,Codeçoso,Celorico de Basto,388
030510,Fervença,Celorico de Basto,1057
030515,Moreira do Castelo,Celorico de Basto,584
030517,Rego,Celorico de Basto,1032
030518,Ribas,Celorico de Basto,900
030520,Basto (São Clemente),Celorico de Basto,1381
030521,Vale de Bouro,Celorico de Basto,818
030523,"Britelo, Gémeos e Ourilhe",Celorico de Basto,3431
030524,Caçarilhe e Infesta,Celorico de Basto,510
030525,Canedo de Basto e Corgo,Celorico de Basto,1101
030526,Carvalho e Basto (Santa Tecla),Celorico de Basto,942
030527,"Veade, Gagos e Molares",Celorico de Basto,1712
030601,Antas,Esposende,2178
030608,Forjães,Esposende,2646
030610,Gemeses,Esposende,1113
030615,Vila Chã,Esposende,1255
030619,Fonte Boa e Rio Tinto,Esposende,1838
030621,Apúlia,Esposende,4326
030622,Belinho,Esposende,1856
030623,Curvos,Esposende,780
030624,Esposende,Esposende,4152
030625,Fão,Esposende,3521
030626,Gandra,Esposende,1473
030627,Mar,Esposende,1040
030628,Marinhas,Esposende,6637
030629,Palmeira de Faro,Esposende,2317
030705,Armil,Fafe,687
030708,Estorãos,Fafe,1540
030709,Fafe,Fafe,15455
030712,Fornelos,Fafe,1352
030714,Golães,Fafe,2024
030716,Medelo,Fafe,1543
030719,Paços,Fafe,1015
030722,Quinchães,Fafe,2171
030723,Regadas,Fafe,1537
030724,Revelhe,Fafe,788
030725,Ribeiros,Fafe,545
030726,Arões (Santa Cristina),Fafe,1550
030728,São Gens,Fafe,1643
030729,Silvares (São Martinho),Fafe,1256
030730,Arões (São Romão),Fafe,3293
030733,Travassós,Fafe,1444
030736,Vinhós,Fafe,570
030737,"freguesias de Aboim, Felgueiras, Gontim e Pedraído",Fafe,773
030738,freguesias de Agrela e Serafão,Fafe,1208
030739,freguesias de Antime e Silvares (São Clemente),Fafe,1940
030740,"freguesias de Ardegão, Arnozela e Seidões",Fafe,949
030741,freguesias de Cepães e Fareja,Fafe,2152
030742,freguesias de Freitas e Vila Cova,Fafe,747
030743,freguesias de Monte e Queimadela,Fafe,659
030744,freguesias de Moreira do Rei e Várzea Cova,Fafe,1656
030801,Aldão,Guimarães,1278
030804,Azurém,Guimarães,9089
030806,Barco,Guimarães,1439
030807,Brito,Guimarães,4774
030808,Caldelas,Guimarães,6304
030812,Costa,Guimarães,5396
030813,Creixomil,Guimarães,9708
030815,Fermentões,Guimarães,5739
030820,Gonça,Guimarães,954
030821,Gondar,Guimarães,2581
030823,Guardizela,Guimarães,2447
030824,Infantas,Guimarães,1740
030827,Longos,Guimarães,1339
030828,Lordelo,Guimarães,3979
030830,Mesão Frio,Guimarães,4159
030831,Moreira de Cónegos,Guimarães,4651
030832,Nespereira,Guimarães,2594
030835,Pencelo,Guimarães,1220
030836,Pinheiro,Guimarães,1135
030837,Polvoreira,Guimarães,3545
030838,Ponte,Guimarães,6687
030840,Ronfe,Guimarães,4496
030842,Prazins (Santa Eufémia),Guimarães,1267
030850,Selho (São Cristóvão),Guimarães,2138
030854,Selho (São Jorge),Guimarães,5923
030857,Candoso (São Martinho),Guimarães,1234
030858,Sande (São Martinho),Guimarães,2239
030865,São Torcato,Guimarães,3345
030866,Serzedelo,Guimarães,3418
030868,Silvares,Guimarães,2250
030871,Urgezes,Guimarães,5517
030875,Abação e Gémeos,Guimarães,2682
030877,Arosa e Castelões,Guimarães,699
030878,Atães e Rendufe,Guimarães,2579
030879,Briteiros Santo Estêvão e Donim,Guimarães,2024
030880,Briteiros São Salvador e Briteiros Santa Leocádia,Guimarães,1687
030881,Candoso São Tiago e Mascotelos,Guimarães,3808
030883,"Leitões, Oleiros e Figueiredo",Guimarães,1437
030884,"Oliveira, São Paio e São Sebastião",Guimarães,7830
030886,Sande São Lourenço e Balazar,Guimarães,1584
030888,Selho São Lourenço e Gominhães,Guimarães,2271
030890,"Souto Santa Maria, Souto São Salvador e Gondomar",Guimarães,2043
030892,Airão (Santa Maria),Guimarães,1425
030893,Airão São João,Guimarães,741
030894,Calvos,Guimarães,1066
030895,Conde,Guimarães,1411
030896,Corvite,Guimarães,908
030897,Gandarela,Guimarães,1053
030898,Prazins Santo Tirso,Guimarães,1031
030899,Sande (São Clemente),Guimarães,1578
0308FA,Sande (Vila Nova),Guimarães,1729
0308FB,São Faustino,Guimarães,913
0308FC,Serzedo,Guimarães,1197
0308FD,Tabuadelo,Guimarães,1502
0308FE,Vermil,Guimarães,1047
030906,Covelas,Póvoa de Lanhoso,406
030908,Ferreiros,Póvoa de Lanhoso,410
030912,Galegos,Póvoa de Lanhoso,559
030913,Garfe,Póvoa de Lanhoso,983
030914,Geraz do Minho,Póvoa de Lanhoso,544
030915,Lanhoso,Póvoa de Lanhoso,766
030917,Monsul,Póvoa de Lanhoso,713
030919,Póvoa de Lanhoso (Nossa Senhora do Amparo),Póvoa de Lanhoso,5623
030921,Rendufinho,Póvoa de Lanhoso,650
030922,Santo Emilião,Póvoa de Lanhoso,825
030923,São João de Rei,Póvoa de Lanhoso,365
030924,Serzedelo,Póvoa de Lanhoso,738
030925,Sobradelo da Goma,Póvoa de Lanhoso,695
030926,Taíde,Póvoa de Lanhoso,1683
030927,Travassos,Póvoa de Lanhoso,605
030929,Vilela,Póvoa de Lanhoso,596
030930,Águas Santas e Moure,Póvoa de Lanhoso,589
030931,Calvos e Frades,Póvoa de Lanhoso,742
030932,Campos e Louredo,Póvoa de Lanhoso,1391
030933,Esperança e Brunhais,Póvoa de Lanhoso,608
030934,Fonte Arcada e Oliveira,Póvoa de Lanhoso,1629
030935,"Verim, Friande e Ajude",Póvoa de Lanhoso,655
031001,Balança,Terras de Bouro,307
031003,Campo do Gerês,Terras de Bouro,149
031004,Carvalheira,Terras de Bouro,292
031008,Covide,Terras de Bouro,273
031009,Gondoriz,Terras de Bouro,296
031010,Moimenta,Terras de Bouro,783
031012,Ribeira,Terras de Bouro,212
031013,Rio Caldo,Terras de Bouro,770
031014,Souto,Terras de Bouro,461
031015,Valdosende,Terras de Bouro,550
031017,Vilar da Veiga,Terras de Bouro,1074
031018,Chamoim e Vilar,Terras de Bouro,349
031019,Chorense e Monte,Terras de Bouro,538
031020,Cibões e Brufe,Terras de Bouro,304
031105,Cantelães,Vieira do Minho,740
031107,Eira Vedra,Vieira do Minho,616
031108,Guilhofrei,Vieira do Minho,898
031109,Louredo,Vieira do Minho,394
031110,Mosteiro,Vieira do Minho,688
031111,Parada de Bouro,Vieira do Minho,400
031112,Pinheiro,Vieira do Minho,372
031113,Rossas,Vieira do Minho,1468
031115,Salamonde,Vieira do Minho,343
031118,Tabuaças,Vieira do Minho,887
031120,Vieira do Minho,Vieira do Minho,2372
031122,Anissó e Soutelo,Vieira do Minho,345
031123,Anjos e Vilar do Chão,Vieira do Minho,565
031124,Caniçada e Soengas,Vieira do Minho,517
031125,Ruivães e Campos,Vieira do Minho,773
031126,Ventosa e Cova,Vieira do Minho,577
031204,Bairro,Vila Nova de Famalicão,3196
031206,Brufe,Vila Nova de Famalicão,2294
031210,Castelões,Vila Nova de Famalicão,2083
031212,Cruz,Vila Nova de Famalicão,1651
031213,Delães,Vila Nova de Famalicão,3980
031215,Fradelos,Vila Nova de Famalicão,3895
031216,Gavião,Vila Nova de Famalicão,3884
031219,Joane,Vila Nova de Famalicão,7946
031221,Landim,Vila Nova de Famalicão,2838
031223,Louro,Vila Nova de Famalicão,2212
031224,Lousado,Vila Nova de Famalicão,3884
031225,Mogege,Vila Nova de Famalicão,1874
031227,Nine,Vila Nova de Famalicão,3019
031230,Pedome,Vila Nova de Famalicão,1997
031232,Pousada de Saramagos,Vila Nova de Famalicão,2179
031233,Requião,Vila Nova de Famalicão,3197
031234,Riba de Ave,Vila Nova de Famalicão,3191
031235,Ribeirão,Vila Nova de Famalicão,9061
031239,Oliveira (Santa Maria),Vila Nova de Famalicão,3279
031241,Vale (São Martinho),Vila Nova de Famalicão,2036
031242,Oliveira (São Mateus),Vila Nova de Famalicão,2418
031247,Vermoim,Vila Nova de Famalicão,2947
031249,Vilarinho das Cambas,Vila Nova de Famalicão,1485
031250,Antas e Abade de Vermoim,Vila Nova de Famalicão,8195
031251,Arnoso (Santa Maria e Santa Eulália) e Sezures,Vila Nova de Famalicão,3527
031253,Carreira e Bente,Vila Nova de Famalicão,2352
031256,"Lemenhe, Mouquim e Jesufrei",Vila Nova de Famalicão,3141
031258,Seide,Vila Nova de Famalicão,1514
031259,"Vale (São Cosme), Telhado e Portela",Vila Nova de Famalicão,5240
031260,Vila Nova de Famalicão e Calendário,Vila Nova de Famalicão,20928
031261,Avidos,Vila Nova de Famalicão,1660
031262,Cabeçudos,Vila Nova de Famalicão,1446
031263,Cavalões,Vila Nova de Famalicão,1599
031264,Esmeriz,Vila Nova de Famalicão,2170
031265,Gondifelos,Vila Nova de Famalicão,2675
031266,Lagoa,Vila Nova de Famalicão,877
031267,Novais,Vila Nova de Famalicão,1129
031268,Outiz,Vila Nova de Famalicão,857
031269,Ruivães,Vila Nova de Famalicão,1678
031304,Atiães,Vila Verde,547
031308,Cabanelas,Vila Verde,1973
031309,Cervães,Vila Verde,1856
031311,Coucieiro,Vila Verde,526
031313,Dossãos,Vila Verde,424
031316,Freiriz,Vila Verde,1056
031317,Gême,Vila Verde,521
031323,Lage,Vila Verde,3054
031324,Lanhas,Vila Verde,654
031325,Loureira,Vila Verde,1104
031328,Moure,Vila Verde,1378
031330,Oleiros,Vila Verde,1189
031331,Parada de Gatim,Vila Verde,707
031335,Pico,Vila Verde,516
031337,Ponte,Vila Verde,452
031340,Sabariz,Vila Verde,448
031342,Vila de Prado,Vila Verde,4482
031350,Prado (São Miguel),Vila Verde,653
031352,Soutelo,Vila Verde,2124
031354,Turiz,Vila Verde,1866
031355,Valdreu,Vila Verde,434
031359,Aboim da Nóbrega e Gondomar,Vila Verde,902
031360,Ribeira do Neiva,Vila Verde,3360
031361,Carreiras (São Miguel) e Carreiras (Santiago),Vila Verde,832
031362,Escariz (São Mamede) e Escariz (São Martinho),Vila Verde,744
031363,"Esqueiros, Nevogilde e Travassós",Vila Verde,922
031364,Marrancos e Arcozelo,Vila Verde,823
031365,Oriz (Santa Marinha) e Oriz (São Miguel),Vila Verde,509
031366,"Pico de Regalados, Gondiães e Mós",Vila Verde,1553
031367,"Sande, Vilarinho, Barros e Gomide",Vila Verde,1411
031368,"Valbom (São Pedro), Passô e Valbom (São Martinho)",Vila Verde,595
031369,Vade,Vila Verde,1453
031370,Vila Verde e Barbudo,Vila Verde,7376
031401,Santa Eulália,Vizela,5389
031404,Infias,Vizela,1811
031406,Vizela (Santo Adrião),Vizela,2264
031408,Caldas de Vizela (São Miguel e São João),Vizela,11072
031410,Tagilde,Vizela,1762
031411,Vizela (São Paio),Vizela,1598
040102,Alfândega da Fé,Alfândega da Fé,1937
040103,Cerejais,Alfândega da Fé,160
040111,Sambade,Alfândega da Fé,374
040118,Vilar Chão,Alfândega da Fé,204
040119,Vilarelhos,Alfândega da Fé,217
040120,Vilares de Vilariça,Alfândega da Fé,132
040121,"Agrobom, Saldonha e Vale Pereiro",Alfândega da Fé,211
040122,"Eucisia, Gouveia e Valverde",Alfândega da Fé,266
040123,Ferradosa e Sendim da Serra,Alfândega da Fé,169
040124,Gebelim e Soeima,Alfândega da Fé,299
040125,Parada e Sendim da Ribeira,Alfândega da Fé,208
040126,Pombal e Vales,Alfândega da Fé,147
040201,Alfaião,Bragança,164
040203,Babe,Bragança,209
040204,Baçal,Bragança,460
040206,Carragosa,Bragança,162
040209,Castro de Avelãs,Bragança,430
040210,Coelhoso,Bragança,279
040212,Donai,Bragança,419
040213,Espinhosela,Bragança,227
040215,França,Bragança,199
040216,Gimonde,Bragança,358
040217,Gondesende,Bragança,139
040218,Gostei,Bragança,397
040219,Grijó de Parada,Bragança,248
040221,Macedo do Mato,Bragança,178
040224,Mós,Bragança,175
040225,Nogueira,Bragança,462
040226,Outeiro,Bragança,234
040229,Parâmio,Bragança,195
040230,Pinela,Bragança,227
040232,Quintanilha,Bragança,217
040233,Quintela de Lampaças,Bragança,184
040234,Rabal,Bragança,152
040236,Rebordãos,Bragança,533
040239,Salsas,Bragança,269
040240,Samil,Bragança,1395
040241,Santa Comba de Rossas,Bragança,276
040244,São Pedro de Sarracenos,Bragança,380
040246,Sendas,Bragança,150
040247,Serapicos,Bragança,187
040248,Sortes,Bragança,262
040249,Zoio,Bragança,141
040250,Aveleda e Rio de Onor,Bragança,227
040251,Castrelos e Carrazedo,Bragança,214
040252,"Izeda, Calvelhe e Paradinha Nova",Bragança,851
040253,Parada e Faílde,Bragança,539
040254,Rebordainhos e Pombares,Bragança,148
040255,Rio Frio e Milhão,Bragança,287
040256,São Julião de Palácios e Deilão,Bragança,319
040257,"Sé, Santa Maria e Meixedo",Bragança,22689
040304,Carrazeda de Ansiães,Carrazeda de Ansiães,1706
040306,Fonte Longa,Carrazeda de Ansiães,263
040308,Linhares,Carrazeda de Ansiães,348
040309,Marzagão,Carrazeda de Ansiães,293
040311,Parambos,Carrazeda de Ansiães,182
040312,Pereiros,Carrazeda de Ansiães,151
040313,Pinhal do Norte,Carrazeda de Ansiães,214
040314,Pombal,Carrazeda de Ansiães,230
040316,Seixo de Ansiães,Carrazeda de Ansiães,241
040318,Vilarinho da Castanheira,Carrazeda de Ansiães,362
040320,Amedo e Zedes,Carrazeda de Ansiães,401
040321,Belver e Mogo de Malta,Carrazeda de Ansiães,364
040322,Castanheiro do Norte e Ribalonga,Carrazeda de Ansiães,403
040323,"Lavandeira, Beira Grande e Selores",Carrazeda de Ansiães,332
040404,Ligares,Freixo de Espada à Cinta,333
040406,Poiares,Freixo de Espada à Cinta,327
040407,Freixo de Espada à Cinta e Mazouco,Freixo de Espada à Cinta,2113
040408,Lagoaça e Fornos,Freixo de Espada à Cinta,443
040502,Amendoeira,Macedo de Cavaleiros,400
040503,Arcas,Macedo de Cavaleiros,215
040507,Carrapatas,Macedo de Cavaleiros,153
040509,Chacim,Macedo de Cavaleiros,227
040510,Cortiços,Macedo de Cavaleiros,237
040511,Corujas,Macedo de Cavaleiros,143
040514,Ferreira,Macedo de Cavaleiros,192
040515,Grijó,Macedo de Cavaleiros,351
040516,Lagoa,Macedo de Cavaleiros,271
040517,Lamalonga,Macedo de Cavaleiros,339
040518,Lamas,Macedo de Cavaleiros,238
040519,Lombo,Macedo de Cavaleiros,304
040520,Macedo de Cavaleiros,Macedo de Cavaleiros,6137
040521,Morais,Macedo de Cavaleiros,530
040523,Olmos,Macedo de Cavaleiros,149
040524,Peredo,Macedo de Cavaleiros,191
040526,Salselas,Macedo de Cavaleiros,284
040528,Sezulfe,Macedo de Cavaleiros,271
040530,Talhas,Macedo de Cavaleiros,256
040532,Vale Benfeito,Macedo de Cavaleiros,159
040533,Vale da Porca,Macedo de Cavaleiros,239
040534,Vale de Prados,Macedo de Cavaleiros,472
040536,Vilarinho de Agrochão,Macedo de Cavaleiros,216
040538,Vinhas,Macedo de Cavaleiros,160
040539,Ala e Vilarinho do Monte,Macedo de Cavaleiros,412
040540,Bornes e Burga,Macedo de Cavaleiros,342
040541,Castelãos e Vilar do Monte,Macedo de Cavaleiros,457
040542,"Espadanedo, Edroso, Murçós e Soutelo Mourisco",Macedo de Cavaleiros,386
040543,Podence e Santa Combinha,Macedo de Cavaleiros,258
040544,Talhinhas e Bagueixe,Macedo de Cavaleiros,262
040604,Duas Igrejas,Miranda do Douro,558
040605,Genísio,Miranda do Douro,152
040607,Malhadas,Miranda do Douro,275
040608,Miranda do Douro,Miranda do Douro,2064
040609,Palaçoulo,Miranda do Douro,566
040611,Picote,Miranda do Douro,230
040612,Póvoa,Miranda do Douro,164
040613,São Martinho de Angueira,Miranda do Douro,239
040616,Vila Chã de Braciosa,Miranda do Douro,259
040618,Constantim e Cicouro,Miranda do Douro,153
040619,Ifanes e Paradela,Miranda do Douro,233
040620,Sendim e Atenor,Miranda do Douro,1240
040621,Silva e Águas Vivas,Miranda do Douro,330
040701,Abambres,Mirandela,338
040702,Abreiro,Mirandela,200
040703,Aguieiras,Mirandela,246
040704,Alvites,Mirandela,171
040708,Bouça,Mirandela,182
040709,Cabanelas,Mirandela,344
040710,Caravelas,Mirandela,152
040711,Carvalhais,Mirandela,1229
040712,Cedães,Mirandela,270
040713,Cobro,Mirandela,154
040714,Fradizela,Mirandela,185
040716,Frechas,Mirandela,732
040718,Lamas de Orelhão,Mirandela,320
040720,Mascarenhas,Mirandela,422
040721,Mirandela,Mirandela,11397
040722,Múrias,Mirandela,244
040724,Passos,Mirandela,333
040727,São Pedro Velho,Mirandela,281
040728,São Salvador,Mirandela,200
040729,Suçães,Mirandela,507
040730,Torre de Dona Chama,Mirandela,919
040731,Vale de Asnes,Mirandela,210
040732,Vale de Gouvinhas,Mirandela,234
040733,Vale de Salgueiro,Mirandela,344
040734,Vale de Telhas,Mirandela,263
040738,Avantos e Romeu,Mirandela,341
040739,"Avidagos, Navalho e Pereira",Mirandela,446
040740,"Barcel, Marmelos e Valverde da Gestosa",Mirandela,320
040741,Franco e Vila Boa,Mirandela,263
040742,Freixeda e Vila Verde,Mirandela,137
040801,Azinhoso,Mogadouro,241
040802,Bemposta,Mogadouro,497
040803,Bruçó,Mogadouro,166
040804,Brunhoso,Mogadouro,212
040807,Castelo Branco,Mogadouro,330
040808,Castro Vicente,Mogadouro,265
040809,Meirinhos,Mogadouro,250
040811,Paradela,Mogadouro,127
040812,Penas Roias,Mogadouro,278
040813,Peredo da Bemposta,Mogadouro,185
040815,Saldanha,Mogadouro,133
040817,São Martinho do Peso,Mogadouro,255
040819,Tó,Mogadouro,136
040820,Travanca,Mogadouro,119
040821,Urrós,Mogadouro,250
040822,Vale da Madre,Mogadouro,165
040826,Vila de Ala,Mogadouro,231
040829,"Brunhozinho, Castanheira e Sanhoane",Mogadouro,216
040830,"Mogadouro, Valverde, Vale de Porco e Vilar de Rei",Mogadouro,3603
040831,Remondes e Soutelo,Mogadouro,285
040832,Vilarinho dos Galegos e Ventozelo,Mogadouro,357
040901,Açoreira,Torre de Moncorvo,340
040903,Cabeça Boa,Torre de Moncorvo,284
040905,Carviçais,Torre de Moncorvo,510
040906,Castedo,Torre de Moncorvo,180
040909,Horta da Vilariça,Torre de Moncorvo,208
040910,Larinho,Torre de Moncorvo,327
040911,Lousa,Torre de Moncorvo,287
040913,Mós,Torre de Moncorvo,189
040916,Torre de Moncorvo,Torre de Moncorvo,2612
040918,Adeganha e Cardanha,Torre de Moncorvo,437
040919,Felgar e Souto da Velha,Torre de Moncorvo,860
040920,Felgueiras e Maçores,Torre de Moncorvo,332
040921,Urros e Peredo dos Castelhanos,Torre de Moncorvo,260
041002,Benlhevai,Vila Flor,235
041005,Freixiel,Vila Flor,527
041009,Roios,Vila Flor,148
041010,Samões,Vila Flor,338
041011,Sampaio,Vila Flor,137
041012,Santa Comba de Vilariça,Vila Flor,360
041013,Seixo de Manhoses,Vila Flor,404
041014,Trindade,Vila Flor,116
041015,Vale Frechoso,Vila Flor,154
041020,Assares e Lodões,Vila Flor,214
041021,Candoso e Carvalho de Egas,Vila Flor,222
041022,Valtorno e Mourão,Vila Flor,319
041023,Vila Flor e Nabo,Vila Flor,2351
041024,Vilas Boas e Vilarinho das Azenhas,Vila Flor,525
041103,Argozelo,Vimioso,560
041107,Carção,Vimioso,388
041108,Matela,Vimioso,211
041109,Pinelo,Vimioso,220
041110,Santulhão,Vimioso,330
041113,Vilar Seco,Vimioso,116
041114,Vimioso,Vimioso,1245
041115,"Algoso, Campo de Víboras e Uva",Vimioso,490
041116,Caçarelhos e Angueira,Vimioso,296
041117,Vale de Frades e Avelanoso,Vimioso,293
041201,Agrochão,Vinhais,220
041203,Candedo,Vinhais,289
041204,Celas,Vinhais,189
041206,Edral,Vinhais,170
041207,Edrosa,Vinhais,139
041208,Ervedosa,Vinhais,331
041215,Paçó,Vinhais,154
041216,Penhas Juntas,Vinhais,260
041219,Rebordelo,Vinhais,605
041221,Santalha,Vinhais,188
041226,Tuizelo,Vinhais,296
041227,Vale das Fontes,Vinhais,262
041229,Vila Boa de Ousilhão,Vinhais,138
041230,Vila Verde,Vinhais,151
041232,Vilar de Ossos,Vinhais,222
041233,Vilar de Peregrinos,Vinhais,134
041234,Vilar Seco de Lomba,Vinhais,186
041235,Vinhais,Vinhais,2185
041236,Curopos e Vale de Janeiro,Vinhais,245
041237,Moimenta e Montouto,Vinhais,219
041238,Nunes e Ousilhão,Vinhais,197
041239,Quirás e Pinheiro Novo,Vinhais,203
041240,Sobreiro de Baixo e Alvaredos,Vinhais,275
041241,"Soeira, Fresulfe e Mofreita",Vinhais,157
041242,Travanca e Santa Cruz,Vinhais,146
041243,Vilar de Lomba e São Jomil,Vinhais,207
050102,Caria,Belmonte,1744
050104,Inguias,Belmonte,606
050105,Maçainhas,Belmonte,312
050107,Belmonte,Belmonte,2932
050108,Colmeal da Torre,Belmonte,611
050201,Alcains,Castelo Branco,4615
050202,Almaceda,Castelo Branco,511
050203,Benquerenças,Castelo Branco,637
050205,Castelo Branco,Castelo Branco,34455
050211,Lardosa,Castelo Branco,888
050212,Louriçal do Campo,Castelo Branco,557
050214,Malpica do Tejo,Castelo Branco,381
050216,Monforte da Beira,Castelo Branco,320
050220,Salgueiro do Campo,Castelo Branco,775
050221,Santo André das Tojeiras,Castelo Branco,588
050222,São Vicente da Beira,Castelo Branco,961
050223,Sarzedas,Castelo Branco,1017
050225,Tinalhas,Castelo Branco,513
050226,Cebolais de Cima e Retaxo,Castelo Branco,1609
050229,Freixial e Juncal do Campo,Castelo Branco,668
050231,Póvoa de Rio de Moinhos e Cafede,Castelo Branco,861
050232,Escalos de Baixo,Castelo Branco,678
050233,Escalos de Cima,Castelo Branco,755
050234,Lousa,Castelo Branco,501
050235,Mata,Castelo Branco,360
050236,Ninho do Açor,Castelo Branco,332
050237,Sobral do Campo,Castelo Branco,290
050302,Aldeia de São Francisco de Assis,Covilhã,489
050305,Boidobra,Covilhã,3167
050308,Cortes do Meio,Covilhã,746
050309,Dominguizo,Covilhã,1018
050310,Erada,Covilhã,575
050311,Ferro,Covilhã,1554
050312,Orjais,Covilhã,663
050314,Paul,Covilhã,1363
050315,Peraboa,Covilhã,817
050318,São Jorge da Beira,Covilhã,504
050322,Sobral de São Miguel,Covilhã,294
050324,Tortosendo,Covilhã,5216
050325,Unhais da Serra,Covilhã,1048
050327,Verdelhos,Covilhã,500
050335,Covilhã e Canhoso,Covilhã,18220
050337,Teixoso e Sarzedo,Covilhã,3876
050338,Vale Formoso e Aldeia do Souto,Covilhã,616
050339,Barco,Covilhã,373
050340,Cantar-Galo,Covilhã,1851
050341,Casegas,Covilhã,321
050342,Coutada,Covilhã,350
050343,Ourondo,Covilhã,277
050344,Peso,Covilhã,617
050345,Vales do Rio,Covilhã,639
050346,Vila do Carvalho,Covilhã,1361
050401,Alcaide,Fundão,583
050402,Alcaria,Fundão,1101
050403,Alcongosta,Fundão,416
050406,Alpedrinha,Fundão,930
050408,Barroca,Fundão,378
050410,Bogas de Cima,Fundão,328
050411,Capinha,Fundão,411
050412,Castelejo,Fundão,562
050413,Castelo Novo,Fundão,353
050416,Fatela,Fundão,456
050419,Lavacolhos,Fundão,180
050420,Orca,Fundão,539
050421,Pêro Viseu,Fundão,644
050424,Silvares,Fundão,968
050425,Soalheira,Fundão,852
050426,Souto da Casa,Fundão,746
050427,Telhado,Fundão,579
050431,Enxames,Fundão,437
050432,Três Povos,Fundão,740
050433,Janeiro de Cima e Bogas de Baixo,Fundão,425
050434,"Fundão, Valverde, Donas, Aldeia de Joanes e Aldeia Nova do Cabo",Fundão,12639
050435,Póvoa de Atalaia e Atalaia do Campo,Fundão,1039
050436,Vale de Prazeres e Mata da Rainha,Fundão,1197
050502,Aldeia de Santa Margarida,Idanha-a-Nova,201
050505,Ladoeiro,Idanha-a-Nova,1053
050506,Medelim,Idanha-a-Nova,230
050509,Oledo,Idanha-a-Nova,284
050510,Penha Garcia,Idanha-a-Nova,551
050511,Proença-a-Velha,Idanha-a-Nova,190
050512,Rosmaninhal,Idanha-a-Nova,437
050514,São Miguel de Acha,Idanha-a-Nova,514
050516,Toulões,Idanha-a-Nova,226
050518,Idanha-a-Nova e Alcafozes,Idanha-a-Nova,2388
050519,Monfortinho e Salvaterra do Extremo,Idanha-a-Nova,508
050520,Monsanto e Idanha-a-Velha,Idanha-a-Nova,766
050521,Zebreira e Segura,Idanha-a-Nova,1007
050601,Álvaro,Oleiros,226
050603,Cambas,Oleiros,254
050605,Isna,Oleiros,151
050606,Madeirã,Oleiros,154
050607,Mosteiro,Oleiros,260
050609,Orvalho,Oleiros,638
050610,Sarnadas de São Simão,Oleiros,167
050611,Sobral,Oleiros,140
050613,Estreito-Vilar Barroco,Oleiros,834
050614,Oleiros-Amieira,Oleiros,2080
050704,Aranhas,Penamacor,320
050706,Benquerença,Penamacor,463
050707,Meimão,Penamacor,238
050708,Meimoa,Penamacor,307
050710,Penamacor,Penamacor,1444
050711,Salvador,Penamacor,320
050712,Vale da Senhora da Póvoa,Penamacor,222
050713,"Aldeia do Bispo, Águas e Aldeia de João Pires",Penamacor,882
050714,Pedrógão de São Pedro e Bemposta,Penamacor,572
050802,Montes da Senhora,Proença-a-Nova,625
050805,São Pedro do Esteval,Proença-a-Nova,406
050807,Proença-a-Nova e Peral,Proença-a-Nova,4498
050808,Sobreira Formosa e Alvito da Beira,Proença-a-Nova,1638
050901,Cabeçudo,Sertã,907
050902,Carvalhal,Sertã,491
050903,Castelo,Sertã,946
050911,Pedrógão Pequeno,Sertã,706
050912,Sertã,Sertã,6039
050913,Troviscal,Sertã,693
050914,Várzea dos Cavaleiros,Sertã,627
050915,"Cernache do Bonjardim, Nesperal e Palhais",Sertã,3364
050916,Cumeada e Marmeleiro,Sertã,658
050917,Ermida e Figueiredo,Sertã,338
051001,Fundada,Vila de Rei,552
051002,São João do Peso,Vila de Rei,132
051003,Vila de Rei,Vila de Rei,2595
051101,Fratel,Vila Velha de Ródão,500
051102,Perais,Vila Velha de Ródão,438
051103,Sarnadas de Ródão,Vila Velha de Ródão,592
051104,Vila Velha de Ródão,Vila Velha de Ródão,1755
060102,Arganil,Arganil,3827
060104,Benfeita,Arganil,413
060105,Celavisa,Arganil,142
060109,Folques,Arganil,342
060111,Piódão,Arganil,120
060112,Pomares,Arganil,431
060113,Pombeiro da Beira,Arganil,903
060114,São Martinho da Cortiça,Arganil,1188
060115,Sarzedo,Arganil,636
060116,Secarias,Arganil,395
060119,Cepos e Teixeira,Arganil,198
060120,Cerdeira e Moura da Serra,Arganil,372
060121,Côja e Barril de Alva,Arganil,1563
060122,Vila Cova de Alva e Anseriz,Arganil,535
060201,Ançã,Cantanhede,2451
060203,Cadima,Cantanhede,2644
060205,Cordinhã,Cantanhede,974
060207,Febres,Cantanhede,3036
060208,Murtede,Cantanhede,1288
060209,Ourentã,Cantanhede,1126
060214,Tocha,Cantanhede,3707
060215,São Caetano,Cantanhede,724
060218,Sanguinheira,Cantanhede,1753
060221,Covões e Camarneira,Cantanhede,2754
060222,Portunhos e Outil,Cantanhede,1850
060223,Sepins e Bolho,Cantanhede,1711
060224,Vilamar e Corticeiro de Cima,Cantanhede,1363
060225,Cantanhede,Cantanhede,7791
060226,Pocariça,Cantanhede,1040
060301,Almalaguês,Coimbra,2853
060309,Brasfemes,Coimbra,1932
060311,Ceira,Coimbra,3244
060312,Cernache,Coimbra,3962
060318,Santo António dos Olivais,Coimbra,41150
060320,São João do Campo,Coimbra,1825
060324,São Silvestre,Coimbra,2794
060329,Torres do Mondego,Coimbra,2034
060332,Antuzede e Vil de Matos,Coimbra,2842
060333,Assafarge e Antanhol,Coimbra,4993
060334,"Coimbra (Sé Nova, Santa Cruz, Almedina e São Bartolomeu)",Coimbra,13880
060335,Eiras e São Paulo de Frades,Coimbra,17574
060336,Santa Clara e Castelo Viegas,Coimbra,11858
060337,São Martinho de Árvore e Lamarosa,Coimbra,2716
060338,São Martinho do Bispo e Ribeira de Frades,Coimbra,15315
060339,Souselas e Botão,Coimbra,4188
060340,"Taveiro, Ameal e Arzila",Coimbra,3997
060341,Trouxemil e Torre de Vilela,Coimbra,3659
060401,Anobra,Condeixa-a-Nova,1249
060406,Ega,Condeixa-a-Nova,2583
060407,Furadouro,Condeixa-a-Nova,183
060410,Zambujal,Condeixa-a-Nova,349
060411,Condeixa-a-Velha e Condeixa-a-Nova,Condeixa-a-Nova,8741
060412,Sebal e Belide,Condeixa-a-Nova,2731
060413,Vila Seca e Bem da Fé,Condeixa-a-Nova,896
060502,Alqueidão,Figueira da Foz,1485
060507,Maiorca,Figueira da Foz,2298
060508,Marinha das Ondas,Figueira da Foz,3188
060512,Tavarede,Figueira da Foz,10051
060513,Vila Verde,Figueira da Foz,2670
060514,São Pedro,Figueira da Foz,2588
060515,Bom Sucesso,Figueira da Foz,1832
060518,Moinhos da Gândara,Figueira da Foz,1098
060522,Lavos,Figueira da Foz,3587
060523,Paião,Figueira da Foz,2768
060524,Quiaios,Figueira da Foz,2546
060525,Alhadas,Figueira da Foz,3518
060526,Brenha,Figueira da Foz,819
060527,Buarcos,Figueira da Foz,8885
060528,Ferreira-a-Nova,Figueira da Foz,1255
060529,Santana,Figueira da Foz,862
060530,São Julião da Figueira da Foz,Figueira da Foz,9501
060601,Alvares,Góis,686
060604,Góis,Góis,1874
060605,Vila Nova do Ceira,Góis,931
060606,Cadafaz e Colmeal,Góis,320
060704,Serpins,Lousã,1711
060706,Gândaras,Lousã,1111
060707,Foz de Arouce e Casal de Ermio,Lousã,1263
060709,Lousã,Lousã,10093
060710,Vilarinho,Lousã,2828
060801,Mira,Mira,6958
060802,Seixo,Mira,1253
060803,Carapelhos,Mira,656
060804,Praia de Mira,Mira,3246
060901,Lamas,Miranda do Corvo,771
060902,Miranda do Corvo,Miranda do Corvo,7102
060905,Vila Nova,Miranda do Corvo,792
060906,Semide e Rio Vide,Miranda do Corvo,3337
061002,Arazede,Montemor-o-Velho,4976
061003,Carapinheira,Montemor-o-Velho,2613
061005,Liceia,Montemor-o-Velho,1051
061006,Meãs do Campo,Montemor-o-Velho,1703
061008,Pereira,Montemor-o-Velho,3501
061009,Santo Varão,Montemor-o-Velho,1916
061010,Seixo de Gatões,Montemor-o-Velho,1344
061011,Tentúgal,Montemor-o-Velho,2046
061014,Ereira,Montemor-o-Velho,575
061015,"Abrunheira, Verride e Vila Nova da Barca",Montemor-o-Velho,1345
061016,Montemor-o-Velho e Gatões,Montemor-o-Velho,3501
061101,Aldeia das Dez,Oliveira do Hospital,474
061102,Alvoco das Várzeas,Oliveira do Hospital,314
061103,Avô,Oliveira do Hospital,473
061104,Bobadela,Oliveira do Hospital,704
061106,Lagares,Oliveira do Hospital,1382
061109,Lourosa,Oliveira do Hospital,559
061110,Meruge,Oliveira do Hospital,490
061111,Nogueira do Cravo,Oliveira do Hospital,2168
061115,São Gião,Oliveira do Hospital,341
061118,Seixo da Beira,Oliveira do Hospital,1369
061119,Travanca de Lagos,Oliveira do Hospital,1124
061123,Lagos da Beira e Lajeosa,Oliveira do Hospital,1127
061124,Oliveira do Hospital e São Paio de Gramaços,Oliveira do Hospital,5835
061125,Penalva de Alva e São Sebastião da Feira,Oliveira do Hospital,928
061126,Santa Ovaia e Vila Pouca da Beira,Oliveira do Hospital,846
061127,Ervedal,Oliveira do Hospital,883
061128,Vila Franca da Beira,Oliveira do Hospital,396
061201,Cabril,Pampilhosa da Serra,244
061202,Dornelas do Zêzere,Pampilhosa da Serra,667
061204,Janeiro de Baixo,Pampilhosa da Serra,533
061206,Pampilhosa da Serra,Pampilhosa da Serra,1303
061207,Pessegueiro,Pampilhosa da Serra,187
061209,Unhais-o-Velho,Pampilhosa da Serra,421
061211,Fajão-Vidual,Pampilhosa da Serra,275
061212,Portela do Fojo-Machio,Pampilhosa da Serra,452
061301,Carvalho,Penacova,677
061302,Figueira de Lorvão,Penacova,2370
061304,Lorvão,Penacova,3143
061307,Penacova,Penacova,2824
061310,Sazes do Lorvão,Penacova,713
061312,Friúmes e Paradela,Penacova,813
061313,Oliveira do Mondego e Travanca do Mondego,Penacova,955
061314,São Pedro de Alva e São Paio de Mondego,Penacova,1618
061401,Cumeeira,Penela,857
061402,Espinhal,Penela,733
061403,Podentes,Penela,473
061407,"São Miguel, Santa Eufémia e Rabaçal",Penela,3377
061501,Alfarelos,Soure,1269
061504,Figueiró do Campo,Soure,1288
061506,Granja do Ulmeiro,Soure,1699
061508,Samuel,Soure,1067
061509,Soure,Soure,7466
061510,Tapéus,Soure,326
061511,Vila Nova de Anços,Soure,928
061512,Vinha da Rainha,Soure,1215
061513,Degracias e Pombalinho,Soure,1049
061514,Gesteira e Brunhós,Soure,954
061602,Candosa,Tábua,531
061603,Carapinha,Tábua,366
061608,Midões,Tábua,1574
061609,Mouronho,Tábua,755
061611,Póvoa de Midões,Tábua,500
061612,São João da Boa Vista,Tábua,393
061614,Tábua,Tábua,3681
061616,Ázere e Covelo,Tábua,826
061617,Covas e Vila Nova de Oliveirinha,Tábua,1232
061618,Espariz e Sinde,Tábua,859
061619,Pinheiro de Coja e Meda de Mouros,Tábua,443
061701,Arrifana,Vila Nova de Poiares,1219
061702,Lavegadas,Vila Nova de Poiares,174
061703,Poiares (Santo André),Vila Nova de Poiares,4111
061704,São Miguel de Poiares,Vila Nova de Poiares,1299
070103,Santiago Maior,Alandroal,1881
070104,Capelins (Santo António),Alandroal,398
070105,Terena (São Pedro),Alandroal,680
070107,"Alandroal (Nossa Senhora da Conceição), São Brás dos Matos (Mina do Bugalho) e Juromenha (Nossa Senhora do Loreto)",Alandroal,2055
070201,Arraiolos,Arraiolos,3133
070202,Igrejinha,Arraiolos,961
070206,Vimieiro,Arraiolos,1335
070209,São Gregório e Santa Justa,Arraiolos,437
070210,Gafanhoeira (São Pedro),Arraiolos,390
070211,Sabugueiro,Arraiolos,350
070301,Borba (Matriz),Borba,3387
070302,Orada,Borba,577
070303,Rio de Moinhos,Borba,1860
070304,Borba (São Bartolomeu),Borba,604
070401,Arcos,Estremoz,1016
070402,Glória,Estremoz,452
070404,Évora Monte (Santa Maria),Estremoz,506
070411,São Domingos de Ana Loura,Estremoz,269
070413,Veiros,Estremoz,857
070414,Estremoz (Santa Maria e Santo André),Estremoz,7887
070415,São Bento do Cortiço e Santo Estêvão,Estremoz,680
070416,São Lourenço de Mamporcão e São Bento de Ana Loura,Estremoz,449
070417,Ameixial (Santa Vitória e São Bento),Estremoz,564
070502,Nossa Senhora da Graça do Divor,Évora,465
070503,Nossa Senhora de Machede,Évora,939
070506,São Bento do Mato,Évora,991
070509,São Miguel de Machede,Évora,688
070513,Torre de Coelheiros,Évora,539
070515,Canaviais,Évora,3314
070522,Bacelo e Senhora da Saúde,Évora,17777
070523,"Évora (São Mamede, Sé, São Pedro e Santo Antão)",Évora,4315
070524,Malagueira e Horta das Figueiras,Évora,21547
070525,Nossa Senhora da Tourega e Nossa Senhora de Guadalupe,Évora,995
070526,São Manços e São Vicente do Pigeiro,Évora,1080
070527,São Sebastião da Giesteira e Nossa Senhora da Boa Fé,Évora,927
070601,Cabrela,Montemor-o-Novo,509
070605,Santiago do Escoural,Montemor-o-Novo,1047
070606,São Cristóvão,Montemor-o-Novo,494
070607,Ciborro,Montemor-o-Novo,591
070610,Foros de Vale de Figueira,Montemor-o-Novo,1011
070613,Cortiçadas de Lavre,Montemor-o-Novo,706
070614,Lavre,Montemor-o-Novo,604
070615,Nossa Senhora da Vila,Montemor-o-Novo,5804
070616,Nossa Senhora do Bispo,Montemor-o-Novo,4537
070617,Silveiras,Montemor-o-Novo,496
070701,Brotas,Mora,340
070702,Cabeção,Mora,863
070703,Mora,Mora,2217
070704,Pavia,Mora,715
070801,Granja,Mourão,514
070802,Luz,Mourão,295
070803,Mourão,Mourão,1542
070903,Monte do Trigo,Portel,1149
070905,Portel,Portel,2411
070906,Santana,Portel,474
070908,Vera Cruz,Portel,378
070911,Alqueva,Portel,251
070912,Amieira,Portel,280
070913,Oriola,Portel,416
070914,São Bartolomeu do Outeiro,Portel,388
071001,Montoito,Redondo,1029
071002,Redondo,Redondo,5257
071102,Corval,Reguengos de Monsaraz,1308
071103,Monsaraz,Reguengos de Monsaraz,658
071104,Reguengos de Monsaraz,Reguengos de Monsaraz,6773
071106,Campo e Campinho,Reguengos de Monsaraz,1132
071201,Vendas Novas,Vendas Novas,10625
071202,Landeira,Vendas Novas,620
071301,Alcáçovas,Viana do Alentejo,1931
071302,Viana do Alentejo,Viana do Alentejo,2528
071303,Aguiar,Viana do Alentejo,859
071401,Bencatel,Vila Viçosa,1480
071402,Ciladas,Vila Viçosa,816
071404,Pardais,Vila Viçosa,457
071406,Nossa Senhora da Conceição e São Bartolomeu,Vila Viçosa,4634
080102,Guia,Albufeira,4758
080103,Paderne,Albufeira,3498
080104,Ferreiras,Albufeira,7267
080106,Albufeira e Olhos de Água,Albufeira,28641
080202,Giões,Alcoutim,152
080203,Martim Longo,Alcoutim,928
080205,Vaqueiros,Alcoutim,333
080206,Alcoutim e Pereiro,Alcoutim,1110
080301,Aljezur,Aljezur,3455
080302,Bordeira,Aljezur,370
080303,Odeceixe,Aljezur,1055
080304,Rogil,Aljezur,1165
080401,Azinhal,Castro Marim,479
080402,Castro Marim,Castro Marim,3278
080403,Odeleite,Castro Marim,576
080404,Altura,Castro Marim,2106
080503,Santa Bárbara de Nexe,Faro,4379
080506,Montenegro,Faro,8613
080508,Faro (Sé e São Pedro),Faro,46299
080509,Conceição,Faro,4439
080510,Estoi,Faro,3892
080602,Ferragudo,Lagoa,1973
080604,Porches,Lagoa,2250
080607,Estômbar e Parchal,Lagoa,9361
080608,Lagoa e Carvoeiro,Lagoa,10141
080703,Luz,Lagos,4355
080704,Odiáxere,Lagos,3046
080708,São Gonçalo de Lagos,Lagos,23648
080709,Barão de São João,Lagos,932
080710,Bensafrim,Lagos,1513
080801,Almancil,Loulé,11291
080802,Alte,Loulé,1746
080803,Ameixial,Loulé,381
080804,Boliqueime,Loulé,4789
080805,Quarteira,Loulé,24420
080807,Salir,Loulé,2448
080808,Loulé (São Clemente),Loulé,17930
080809,Loulé (São Sebastião),Loulé,6807
080813,Benafim,Loulé,1016
080814,Querença,Loulé,690
080815,Tôr,Loulé,814
080901,Alferce,Monchique,391
080902,Marmelete,Monchique,698
080903,Monchique,Monchique,4373
081003,Olhão,Olhão,14206
081004,Pechão,Olhão,3888
081005,Quelfes,Olhão,17253
081007,Fuseta,Olhão,1674
081008,Moncarapacho,Olhão,7593
081101,Alvor,Portimão,6314
081102,Mexilhoeira Grande,Portimão,4313
081103,Portimão,Portimão,49218
081201,São Brás de Alportel,São Brás de Alportel,11248
081303,Armação de Pêra,Silves,6003
081305,São Bartolomeu de Messines,Silves,8157
081306,São Marcos da Serra,Silves,1113
081307,Silves,Silves,10661
081311,Alcantarilha,Silves,2645
081312,Algoz,Silves,3954
081313,Pêra,Silves,2350
081314,Tunes,Silves,2883
081401,Cachopo,Tavira,471
081404,Santa Catarina da Fonte do Bispo,Tavira,1873
081408,Santa Luzia,Tavira,1589
081412,Tavira (Santa Maria e Santiago),Tavira,15432
081413,Cabanas de Tavira,Tavira,1461
081414,Conceição,Tavira,1967
081415,Luz de Tavira,Tavira,3411
081416,Santo Estêvão,Tavira,1319
081501,Barão de São Miguel,Vila do Bispo,586
081502,Budens,Vila do Bispo,1857
081504,Sagres,Vila do Bispo,1894
081506,Vila do Bispo e Raposeira,Vila do Bispo,1380
081601,Vila Nova de Cacela,Vila Real de Santo António,3873
081602,Vila Real de Santo António,Vila Real de Santo António,11754
081603,Monte Gordo,Vila Real de Santo António,3197
090102,Carapito,Aguiar da Beira,423
090103,Cortiçada,Aguiar da Beira,314
090105,Dornelas,Aguiar da Beira,666
090106,Eirado,Aguiar da Beira,181
090107,Forninhos,Aguiar da Beira,208
090109,Pena Verde,Aguiar da Beira,715
090110,Pinheiro,Aguiar da Beira,231
090114,Aguiar da Beira e Coruche,Aguiar da Beira,1785
090115,Sequeiros e Gradiz,Aguiar da Beira,345
090116,Souto de Aguiar da Beira e Valverde,Aguiar da Beira,363
090203,Almeida,Almeida,1145
090207,Castelo Bom,Almeida,172
090209,Freineda,Almeida,188
090210,Freixo,Almeida,167
090213,Malhada Sorda,Almeida,254
090219,Nave de Haver,Almeida,295
090224,São Pedro de Rio Seco,Almeida,154
090227,Vale da Mula,Almeida,160
090229,Vilar Formoso,Almeida,1791
090230,"Amoreira, Parada e Cabreira",Almeida,307
090231,"Azinhal, Peva e Valverde",Almeida,261
090232,"Castelo Mendo, Ade, Monteperobolso e Mesquitela",Almeida,208
090233,Junça e Naves,Almeida,171
090234,"Leomil, Mido, Senouras e Aldeia Nova",Almeida,153
090235,Malpartida e Vale de Coelha,Almeida,181
090236,Miuzela e Porto de Ovelha,Almeida,280
090302,Baraçal,Celorico da Beira,194
090304,Carrapichana,Celorico da Beira,180
090306,Forno Telheiro,Celorico da Beira,597
090307,Lajeosa do Mondego,Celorico da Beira,627
090308,Linhares,Celorico da Beira,213
090309,Maçal do Chão,Celorico da Beira,143
090310,Mesquitela,Celorico da Beira,203
090311,Minhocal,Celorico da Beira,142
090312,Prados,Celorico da Beira,146
090314,Ratoeira,Celorico da Beira,245
090318,Vale de Azares,Celorico da Beira,328
090322,Casas do Soeiro,Celorico da Beira,468
090323,Açores e Velosa,Celorico da Beira,426
090324,Celorico (São Pedro e Santa Maria) e Vila Boa do Mondego,Celorico da Beira,2067
090325,"Cortiçô da Serra, Vide entre Vinhas e Salgueirais",Celorico da Beira,362
090326,Rapa e Cadafaz,Celorico da Beira,242
090403,Castelo Rodrigo,Figueira de Castelo Rodrigo,468
090406,Escalhão,Figueira de Castelo Rodrigo,566
090408,Figueira de Castelo Rodrigo,Figueira de Castelo Rodrigo,1952
090410,Mata de Lobos,Figueira de Castelo Rodrigo,287
090415,Vermiosa,Figueira de Castelo Rodrigo,360
090418,"Algodres, Vale de Afonsinho e Vilar de Amargo",Figueira de Castelo Rodrigo,431
090419,Almofala e Escarigo,Figueira de Castelo Rodrigo,180
090420,Cinco Vilas e Reigada,Figueira de Castelo Rodrigo,321
090421,"Freixeda do Torrão, Quintã de Pêro Martins e Penha de Águia",Figueira de Castelo Rodrigo,387
090422,Colmeal e Vilar Torpim,Figueira de Castelo Rodrigo,196
090501,Algodres,Fornos de Algodres,290
090502,Casal Vasco,Fornos de Algodres,218
090504,Figueiró da Granja,Fornos de Algodres,344
090505,Fornos de Algodres,Fornos de Algodres,1433
090507,Infias,Fornos de Algodres,262
090509,Maceira,Fornos de Algodres,245
090510,Matança,Fornos de Algodres,215
090511,Muxagata,Fornos de Algodres,223
090512,Queiriz,Fornos de Algodres,227
090517,Cortiçô e Vila Chã,Fornos de Algodres,166
090518,"Juncais, Vila Ruiva e Vila Soeiro do Chão",Fornos de Algodres,553
090519,Sobral Pichorro e Fuinhas,Fornos de Algodres,227
090602,Arcozelo,Gouveia,570
090603,Cativelos,Gouveia,610
090605,Folgosinho,Gouveia,442
090612,Nespereira,Gouveia,661
090613,Paços da Serra,Gouveia,502
090614,Ribamondego,Gouveia,262
090617,São Paio,Gouveia,699
090619,Vila Cortês da Serra,Gouveia,202
090620,Vila Franca da Serra,Gouveia,238
090621,Vila Nova de Tazem,Gouveia,1469
090623,Aldeias e Mangualde da Serra,Gouveia,424
090624,Figueiró da Serra e Freixo da Serra,Gouveia,377
090625,Gouveia,Gouveia,3150
090626,Melo e Nabais,Gouveia,800
090627,Moimenta da Serra e Vinhó,Gouveia,1071
090628,Rio Torto e Lagarinhos,Gouveia,745
090703,Aldeia do Bispo,Guarda,198
090704,Aldeia Viçosa,Guarda,267
090705,Alvendre,Guarda,186
090706,Arrifana,Guarda,555
090708,Avelãs da Ribeira,Guarda,142
090709,Benespera,Guarda,281
090711,Casal de Cinza,Guarda,483
090712,Castanheira,Guarda,298
090713,Cavadoude,Guarda,243
090714,Codesseiro,Guarda,160
090716,Faia,Guarda,180
090717,Famalicão,Guarda,458
090718,Fernão Joanes,Guarda,186
090721,Gonçalo Bocas,Guarda,204
090722,João Antão,Guarda,126
090723,Maçainhas,Guarda,977
090724,Marmeleiro,Guarda,297
090725,Meios,Guarda,150
090728,Panoias de Cima,Guarda,568
090729,Pega,Guarda,121
090730,Pêra do Moço,Guarda,793
090732,Porto da Carne,Guarda,338
090734,Ramela,Guarda,181
090738,Santana da Azinha,Guarda,528
090744,Sobral da Serra,Guarda,213
090746,Vale de Estrela,Guarda,355
090747,Valhelhas,Guarda,303
090748,Vela,Guarda,423
090749,Videmonte,Guarda,388
090750,Vila Cortês do Mondego,Guarda,283
090751,Vila Fernando,Guarda,396
090752,Vila Franca do Deão,Guarda,134
090753,Vila Garcia,Guarda,304
090757,Gonçalo,Guarda,960
090758,Guarda,Guarda,26441
090759,Jarmelo São Miguel,Guarda,276
090760,Jarmelo São Pedro,Guarda,276
090761,freguesias de Avelãs de Ambom e Rocamondo,Guarda,154
090762,freguesias de Corujeira e Trinta,Guarda,408
090763,"freguesias de Mizarela, Pêro Soares e Vila Soeiro",Guarda,200
090764,freguesias de Pousade e Albardo,Guarda,214
090765,freguesias de Rochoso e Monte Margarida,Guarda,211
090766,Adão,Guarda,258
090801,Sameiro,Manteigas,274
090802,Manteigas (Santa Maria),Manteigas,1253
090803,Manteigas (São Pedro),Manteigas,1174
090804,Vale de Amoreira,Manteigas,208
090901,Aveloso,Mêda,184
090902,Barreira,Mêda,165
090905,Coriscada,Mêda,177
090907,Longroiva,Mêda,218
090908,Marialva,Mêda,177
090912,Poço do Canto,Mêda,330
090914,Rabaçal,Mêda,220
090915,Ranhados,Mêda,234
090917,"Mêda, Outeiro de Gatos e Fonte Longa",Mêda,2399
090918,Prova e Casteição,Mêda,271
090919,"Vale Flor, Carvalhal e Pai Penela",Mêda,255
091009,Ervedosa,Pinhel,137
091010,Freixedas,Pinhel,735
091012,Lamegal,Pinhel,209
091013,Lameiras,Pinhel,200
091014,Manigoto,Pinhel,150
091015,Pala,Pinhel,415
091017,Pinhel,Pinhel,3293
091018,Pínzio,Pinhel,365
091024,Souro Pires,Pinhel,473
091027,Vascoveiro,Pinhel,156
091028,Agregação das freguesias Sul de Pinhel,Pinhel,360
091029,Alverca da Beira/Bouça Cova,Pinhel,420
091030,Terras de Massueime,Pinhel,205
091031,Valbom/Bogalhal,Pinhel,192
091032,Alto do Palurdo,Pinhel,192
091033,Vale do Côa,Pinhel,172
091034,Vale do Massueime,Pinhel,218
091035,Atalaia e Safurdão,Pinhel,200
091101,Águas Belas,Sabugal,167
091102,Aldeia do Bispo,Sabugal,239
091103,Aldeia da Ponte,Sabugal,262
091106,Aldeia Velha,Sabugal,413
091107,Alfaiates,Sabugal,360
091109,Baraçal,Sabugal,208
091110,Bendada,Sabugal,473
091111,Bismula,Sabugal,190
091112,Casteleiro,Sabugal,311
091113,Cerdeira,Sabugal,188
091114,Fóios,Sabugal,310
091118,Malcata,Sabugal,322
091120,Nave,Sabugal,230
091123,Quadrazais,Sabugal,380
091124,Quintas de São Bartolomeu,Sabugal,171
091125,Rapoula do Côa,Sabugal,268
091126,Rebolosa,Sabugal,205
091127,Rendo,Sabugal,212
091133,Sortelha,Sabugal,320
091134,Souto,Sabugal,1145
091136,Vale de Espinho,Sabugal,308
091138,Vila Boa,Sabugal,238
091139,Vila do Touro,Sabugal,177
091141,"Aldeia da Ribeira, Vilar Maior e Badamalos",Sabugal,266
091142,Lajeosa e Forcalhos,Sabugal,219
091143,"Pousafoles do Bispo, Pena Lobo e Lomba",Sabugal,390
091144,"Ruvina, Ruivós e Vale das Éguas",Sabugal,195
091145,Sabugal e Aldeia de Santo António,Sabugal,2604
091146,Santo Estêvão e Moita,Sabugal,327
091147,Seixo do Côa e Vale Longo,Sabugal,182
091201,Alvoco da Serra,Seia,331
091205,Girabolhos,Seia,241
091207,Loriga,Seia,848
091208,Paranhos,Seia,1265
091209,Pinhanços,Seia,727
091210,Sabugueiro,Seia,405
091212,Sandomil,Seia,745
091213,Santa Comba,Seia,725
091216,Santiago,Seia,1163
091219,Sazes da Beira,Seia,245
091221,Teixeira,Seia,144
091224,Travancinha,Seia,387
091225,Valezim,Seia,243
091228,Vila Cova à Coelheira,Seia,355
091230,Carragozela e Várzea de Meruge,Seia,546
091231,Sameice e Santa Eulália,Seia,508
091234,Torrozelo e Folhadosa,Seia,708
091235,Tourais e Lajes,Seia,1529
091236,Vide e Cabeça,Seia,570
091237,Lapa dos Dinheiros,Seia,201
091238,Santa Marinha,Seia,850
091239,São Martinho,Seia,515
091240,São Romão,Seia,2541
091241,Seia,Seia,5963
091301,Aldeia Nova,Trancoso,276
091303,Castanheira,Trancoso,165
091304,Cogula,Trancoso,168
091305,Cótimos,Trancoso,188
091307,Fiães,Trancoso,181
091309,Granja,Trancoso,109
091310,Guilheiro,Trancoso,126
091311,Moimentinha,Trancoso,173
091312,Moreira de Rei,Trancoso,411
091313,Palhais,Trancoso,154
091314,Póvoa do Concelho,Trancoso,248
091315,Reboleiro,Trancoso,247
091316,Rio de Mel,Trancoso,279
091321,Tamanhos,Trancoso,175
091325,Valdujo,Trancoso,158
091330,Freches e Torres,Trancoso,450
091331,"Torre do Terrenho, Sebadelhe da Serra e Terrenho",Trancoso,345
091332,Trancoso (São Pedro e Santa Maria) e Souto Maior,Trancoso,3191
091333,Vale do Seixo e Vila Garcia,Trancoso,186
091334,Vila Franca das Naves e Feital,Trancoso,876
091335,Vilares e Carnicães,Trancoso,307
091401,Almendra,Vila Nova de Foz Côa,309
091402,Castelo Melhor,Vila Nova de Foz Côa,168
091403,Cedovim,Vila Nova de Foz Côa,284
091404,Chãs,Vila Nova de Foz Côa,234
091405,Custóias,Vila Nova de Foz Côa,191
091407,Horta,Vila Nova de Foz Côa,161
091410,Muxagata,Vila Nova de Foz Côa,267
091411,Numão,Vila Nova de Foz Côa,210
091412,Santa Comba,Vila Nova de Foz Côa,145
091414,Sebadelhe,Vila Nova de Foz Côa,215
091415,Seixas,Vila Nova de Foz Côa,312
091416,Touça,Vila Nova de Foz Côa,188
091418,Freixo de Numão,Vila Nova de Foz Côa,519
091419,Vila Nova de Foz Côa,Vila Nova de Foz Côa,3101
100102,Alfeizerão,Alcobaça,3669
100104,Bárrio,Alcobaça,1411
100105,Benedita,Alcobaça,8480
100106,Cela,Alcobaça,3075
100108,Évora de Alcobaça,Alcobaça,4141
100109,Maiorga,Alcobaça,1846
100112,São Martinho do Porto,Alcobaça,3111
100114,Turquel,Alcobaça,4438
100116,Vimeiro,Alcobaça,1753
100120,Aljubarrota,Alcobaça,6243
100121,Alcobaça e Vestiaria,Alcobaça,7243
100122,"Coz, Alpedriz e Montes",Alcobaça,2826
100123,Pataias e Martingança,Alcobaça,6729
100201,Almoster,Alvaiázere,600
100204,Maçãs de Dona Maria,Alvaiázere,1495
100205,Pelmá,Alvaiázere,637
100208,Alvaiázere,Alvaiázere,1809
100209,Pussos São Pedro,Alvaiázere,1697
100301,Alvorge,Ansião,1051
100303,Avelar,Ansião,1929
100304,Chão de Couce,Ansião,1684
100306,Pousaflores,Ansião,802
100307,Santiago da Guarda,Ansião,2652
100309,Ansião,Ansião,3524
100401,Batalha,Batalha,8818
100402,Reguengo do Fetal,Batalha,1907
100403,São Mamede,Batalha,3385
100404,Golpilheira,Batalha,1447
100502,Carvalhal,Bombarral,2393
100503,Roliça,Bombarral,2545
100505,Pó,Bombarral,922
100506,Bombarral e Vale Covo,Bombarral,6886
100601,A dos Francos,Caldas da Rainha,1646
100602,Alvorninha,Caldas da Rainha,2646
100604,Carvalhal Benfeito,Caldas da Rainha,1141
100606,Foz do Arelho,Caldas da Rainha,1400
100607,Landal,Caldas da Rainha,938
100608,Nadadouro,Caldas da Rainha,1962
100609,Salir de Matos,Caldas da Rainha,2583
100611,Santa Catarina,Caldas da Rainha,2692
100615,Vidais,Caldas da Rainha,1026
100617,"Caldas da Rainha - Nossa Senhora do Pópulo, Coto e São Gregório",Caldas da Rainha,18540
100618,Caldas da Rainha - Santo Onofre e Serra do Bouro,Caldas da Rainha,11902
100619,Tornada e Salir do Porto,Caldas da Rainha,4434
100703,Castanheira de Pêra e Coentral,Castanheira de Pêra,2645
100801,Aguda,Figueiró dos Vinhos,909
100802,Arega,Figueiró dos Vinhos,721
100803,Campelo,Figueiró dos Vinhos,191
100806,Figueiró dos Vinhos e Bairradas,Figueiró dos Vinhos,3460
100901,Amor,Leiria,4578
100902,Arrabal,Leiria,2610
100907,Caranguejeira,Leiria,4331
100909,Coimbrão,Leiria,1726
100913,Maceira,Leiria,9141
100915,Milagres,Leiria,2829
100921,Regueira de Pontes,Leiria,2174
100925,Bajouca,Leiria,1895
100926,Bidoeira de Cima,Leiria,2236
100932,Colmeias e Memória,Leiria,3746
100933,"Leiria, Pousos, Barreira e Cortes",Leiria,34644
100934,Marrazes e Barosa,Leiria,26225
100935,Monte Real e Carvide,Leiria,5542
100937,Parceiros e Azoia,Leiria,7535
100938,Santa Catarina da Serra e Chainça,Leiria,4572
100939,Santa Eufémia e Boa Vista,Leiria,4058
100941,Carreira,Leiria,1026
100942,Monte Redondo,Leiria,4156
100943,Ortigosa,Leiria,2027
100944,Souto da Carpalhosa,Leiria,3552
101001,Marinha Grande,Marinha Grande,32322
101002,Vieira de Leiria,Marinha Grande,5406
101003,Moita,Marinha Grande,1296
101101,Famalicão,Nazaré,1664
101102,Nazaré,Nazaré,10394
101103,Valado dos Frades,Nazaré,2823
101201,A dos Negros,Óbidos,1456
101202,Amoreira,Óbidos,1033
101203,Olho Marinho,Óbidos,1361
101207,Vau,Óbidos,936
101208,Gaeiras,Óbidos,2363
101209,Usseira,Óbidos,954
101210,"Santa Maria, São Pedro e Sobral da Lagoa",Óbidos,3819
101301,Graça,Pedrógão Grande,598
101302,Pedrógão Grande,Pedrógão Grande,2256
101303,Vila Facaia,Pedrógão Grande,536
101402,Atouguia da Baleia,Peniche,9117
101405,Serra d'El-Rei,Peniche,1342
101406,Ferrel,Peniche,2759
101407,Peniche,Peniche,13211
101501,Abiul,Pombal,2236
101503,Almagreira,Pombal,2774
101504,Carnide,Pombal,1622
101505,Carriço,Pombal,3330
101506,Louriçal,Pombal,4203
101508,Pelariga,Pombal,2012
101509,Pombal,Pombal,16884
101510,Redinha,Pombal,1869
101513,Vermoil,Pombal,2436
101514,Vila Cã,Pombal,1401
101515,Meirinhas,Pombal,1649
101520,Albergaria dos Doze,Pombal,1510
101521,Guia,Pombal,2680
101522,Ilha,Pombal,1797
101523,Mata Mourisca,Pombal,1562
101524,Santiago de Litém,Pombal,1935
101525,São Simão de Litém,Pombal,1270
101602,Alqueidão da Serra,Porto de Mós,1549
101605,Calvaria de Cima,Porto de Mós,2477
101606,Juncal,Porto de Mós,3197
101608,Mira de Aire,Porto de Mós,3482
101609,Pedreiras,Porto de Mós,2548
101610,São Bento,Porto de Mós,751
101613,Serro Ventoso,Porto de Mós,892
101614,Porto de Mós - São João Baptista e São Pedro,Porto de Mós,6001
101615,Alvados e Alcaria,Porto de Mós,731
101616,Arrimal e Mendiga,Porto de Mós,1574
110106,Carnota,Alenquer,1565
110107,Meca,Alenquer,1617
110108,Olhalvo,Alenquer,1806
110109,Ota,Alenquer,1195
110113,Ventosa,Alenquer,2000
110114,Vila Verde dos Francos,Alenquer,1049
110117,Abrigada e Cabanas de Torres,Alenquer,4157
110118,Aldeia Galega da Merceana e Aldeia Gavinha,Alenquer,2911
110119,Alenquer (Santo Estêvão e Triana),Alenquer,12026
110120,Carregado e Cadafais,Alenquer,14622
110121,Ribafria e Pereiro de Palhacana,Alenquer,1494
110201,Arranhó,Arruda dos Vinhos,2584
110202,Arruda dos Vinhos,Arruda dos Vinhos,9300
110203,Cardosas,Arruda dos Vinhos,819
110204,S. Tiago dos Velhos,Arruda dos Vinhos,1289
110301,Alcoentre,Azambuja,3133
110302,Aveiras de Baixo,Azambuja,1431
110303,Aveiras de Cima,Azambuja,4669
110304,Azambuja,Azambuja,8257
110306,Vale do Paraíso,Azambuja,955
110307,Vila Nova da Rainha,Azambuja,973
110310,"Manique do Intendente, Vila Nova de São Pedro e Maçussa",Azambuja,2003
110401,Alguber,Cadaval,833
110407,Peral,Cadaval,890
110409,Vermelha,Cadaval,1248
110410,Vilar,Cadaval,1565
110411,Cadaval e Pêro Moniz,Cadaval,3697
110412,Lamas e Cercal,Cadaval,3409
110413,Painho e Figueiros,Cadaval,1730
110501,Alcabideche,Cascais,44165
110506,São Domingos de Rana,Cascais,59238
110507,Carcavelos e Parede,Cascais,46529
110508,Cascais e Estoril,Cascais,64192
110601,Ajuda,Lisboa,14306
110602,Alcântara,Lisboa,13850
110607,Beato,Lisboa,12183
110608,Benfica,Lisboa,35362
110610,Campolide,Lisboa,14787
110611,Carnide,Lisboa,18028
110618,Lumiar,Lisboa,46334
110621,Marvila,Lisboa,35479
110633,Olivais,Lisboa,32179
110639,São Domingos de Benfica,Lisboa,34076
110654,Alvalade,Lisboa,33309
110655,Areeiro,Lisboa,21160
110656,Arroios,Lisboa,33302
110657,Avenidas Novas,Lisboa,23261
110658,Belém,Lisboa,16546
110659,Campo de Ourique,Lisboa,22140
110660,Estrela,Lisboa,20267
110661,Misericórdia,Lisboa,9658
110662,Parque das Nações,Lisboa,22382
110663,Penha de França,Lisboa,28475
110664,Santa Clara,Lisboa,23645
110665,Santa Maria Maior,Lisboa,10051
110666,Santo António,Lisboa,11060
110667,São Vicente,Lisboa,13956
110702,Bucelas,Loures,4802
110705,Fanhões,Loures,2639
110707,Loures,Loures,30254
110708,Lousa,Loures,3216
110726,Moscavide e Portela,Loures,20922
110727,Sacavém e Prior Velho,Loures,24672
110728,"Santa Iria de Azoia, São João da Talha e Bobadela",Loures,44453
110729,Santo Antão e São Julião do Tojal,Loures,8605
110730,Santo António dos Cavaleiros e Frielas,Loures,28522
110731,"Camarate, Unhos e Apelação",Loures,33505
110803,Moita dos Ferreiros,Lourinhã,1671
110805,Reguengo Grande,Lourinhã,1486
110806,Santa Bárbara,Lourinhã,2031
110808,Vimeiro,Lourinhã,1565
110810,Ribamar,Lourinhã,2160
110813,Miragaia e Marteleira,Lourinhã,3479
110814,São Bartolomeu dos Galegos e Moledo,Lourinhã,1506
110815,Atalaia,Lourinhã,1820
110816,Lourinhã,Lourinhã,10522
110902,Carvoeira,Mafra,2848
110904,Encarnação,Mafra,4918
110906,Ericeira,Mafra,12359
110909,Mafra,Mafra,20781
110911,Milharado,Mafra,7645
110913,Santo Isidoro,Mafra,4396
110918,Azueira e Sobral da Abelheira,Mafra,4434
110919,"Enxara do Bispo, Gradil e Vila Franca do Rosário",Mafra,3979
110920,Igreja Nova e Cheleiros,Mafra,4693
110921,Malveira e São Miguel de Alcainça,Mafra,9647
110922,Venda do Pinheiro e Santo Estêvão das Galés,Mafra,10815
111002,Barcarena,Oeiras,14451
111009,Porto Salvo,Oeiras,15098
111012,"Algés, Linda-a-Velha e Cruz Quebrada-Dafundo",Oeiras,47936
111013,Carnaxide e Queijas,Oeiras,36079
111014,"Oeiras e São Julião da Barra, Paço de Arcos e Caxias",Oeiras,58094
111102,Algueirão-Mem Martins,Sintra,68649
111105,Colares,Sintra,7746
111108,Rio de Mouro,Sintra,49489
111115,Casal de Cambra,Sintra,13347
111122,Agualva e Mira-Sintra,Sintra,41323
111124,Cacém e São Marcos,Sintra,39683
111125,Massamá e Monte Abraão,Sintra,47804
111128,"Sintra (Santa Maria e São Miguel, São Martinho e São Pedro de Penaferrim)",Sintra,29896
111129,Almargem do Bispo,Sintra,9261
111130,Belas,Sintra,26310
111131,Montelavar,Sintra,3676
111132,Pêro Pinheiro,Sintra,4325
111133,Queluz,Sintra,26104
111134,São João das Lampas,Sintra,12788
111135,Terrugem,Sintra,5205
111201,Santo Quintino,Sobral de Monte Agraço,3767
111202,Sapataria,Sobral de Monte Agraço,3288
111203,Sobral de Monte Agraço,Sobral de Monte Agraço,3485
111306,Freiria,Torres Vedras,2436
111310,Ponte do Rol,Torres Vedras,2547
111311,Ramalhal,Torres Vedras,3631
111314,São Pedro da Cadeira,Torres Vedras,5217
111316,Silveira,Torres Vedras,9332
111317,Turcifal,Torres Vedras,3591
111318,Ventosa,Torres Vedras,4966
111322,Campelos e Outeiro da Cabeça,Torres Vedras,3795
111323,Carvoeira e Carmões,Torres Vedras,2200
111325,Maxial e Monte Redondo,Torres Vedras,3222
111326,"Santa Maria, São Pedro e Matacães",Torres Vedras,27780
111327,A dos Cunhados,Torres Vedras,9619
111328,Dois Portos,Torres Vedras,1884
111329,Maceira,Torres Vedras,1949
111330,Runa,Torres Vedras,903
111408,Vialonga,Vila Franca de Xira,21258
111409,Vila Franca de Xira,Vila Franca de Xira,18336
111412,"Alhandra, São João dos Montes e Calhandriz",Vila Franca de Xira,12645
111413,Alverca do Ribatejo e Sobralinho,Vila Franca de Xira,36465
111414,Castanheira do Ribatejo e Cachoeiras,Vila Franca de Xira,7954
111415,Póvoa de Santa Iria e Forte da Casa,Vila Franca de Xira,40871
111512,Alfragide,Amadora,16837
111513,Águas Livres,Amadora,37607
111514,Encosta do Sol,Amadora,27093
111515,Falagueira-Venda Nova,Amadora,20788
111516,Mina de Água,Amadora,42961
111517,Venteira,Amadora,26168
111603,Odivelas,Odivelas,59586
111608,Pontinha e Famões,Odivelas,35111
111609,Póvoa de Santo Adrião e Olival Basto,Odivelas,18806
111610,Ramada e Caneças,Odivelas,34531
120101,Alter do Chão,Alter do Chão,2016
120102,Chancelaria,Alter do Chão,382
120103,Seda,Alter do Chão,355
120104,Cunheira,Alter do Chão,291
120201,Assunção,Arronches,1834
120202,Esperança,Arronches,589
120203,Mosteiros,Arronches,366
120302,Aldeia Velha,Avis,214
120303,Avis,Avis,1627
120305,Ervedal,Avis,432
120306,Figueira e Barros,Avis,248
120309,Alcórrego e Maranhão,Avis,413
120310,Benavila e Valongo,Avis,878
120401,Nossa Senhora da Expectação,Campo Maior,3684
120402,Nossa Senhora da Graça dos Degolados,Campo Maior,646
120403,São João Baptista,Campo Maior,3712
120501,Nossa Senhora da Graça de Póvoa e Meadas,Castelo de Vide,542
120502,Santa Maria da Devesa,Castelo de Vide,1393
120503,Santiago Maior,Castelo de Vide,331
120504,São João Baptista,Castelo de Vide,850
120601,Aldeia da Mata,Crato,313
120604,Gáfete,Crato,688
120605,Monte da Pedra,Crato,222
120607,"Crato e Mártires, Flor da Rosa e Vale do Peso",Crato,2002
120706,Santa Eulália,Elvas,1028
120707,São Brás e São Lourenço,Elvas,1629
120708,São Vicente e Ventosa,Elvas,732
120712,"Assunção, Ajuda, Salvador e Santo Ildefonso",Elvas,9059
120713,"Caia, São Pedro e Alcáçova",Elvas,5376
120714,Barbacena e Vila Fernando,Elvas,801
120716,Terrugem,Elvas,1031
120717,Vila Boim,Elvas,1074
120801,Cabeço de Vide,Fronteira,928
120802,Fronteira,Fronteira,1696
120803,São Saturnino,Fronteira,234
120902,Belver,Gavião,560
120903,Comenda,Gavião,692
120905,Margem,Gavião,641
120906,Gavião e Atalaia,Gavião,1501
121001,Beirã,Marvão,427
121002,Santa Maria de Marvão,Marvão,398
121003,Santo António das Areias,Marvão,961
121004,São Salvador da Aramenha,Marvão,1235
121101,Assumar,Monforte,614
121102,Monforte,Monforte,1296
121103,Santo Aleixo,Monforte,497
121104,Vaiamonte,Monforte,585
121201,Alpalhão,Nisa,989
121205,Montalvão,Nisa,290
121207,Santana,Nisa,277
121208,São Matias,Nisa,197
121210,Tolosa,Nisa,811
121211,Arez e Amieira do Tejo,Nisa,392
121212,"Espírito Santo, Nossa Senhora da Graça e São Simão",Nisa,2996
121301,Galveias,Ponte de Sor,1022
121302,Montargil,Ponte de Sor,1931
121304,Foros de Arrão,Ponte de Sor,811
121305,Longomel,Ponte de Sor,978
121309,Ponte de Sor,Ponte de Sor,8507
121310,Tramaga,Ponte de Sor,1390
121311,Vale de Açor,Ponte de Sor,609
121401,Alagoa,Portalegre,543
121402,Alegrete,Portalegre,1414
121404,Fortios,Portalegre,1785
121410,Urra,Portalegre,1701
121411,Sé e São Lourenço,Portalegre,14317
121412,Reguengo e São Julião,Portalegre,849
121413,Ribeira de Nisa e Carreiras,Portalegre,1731
121501,Cano,Sousel,1057
121502,Casa Branca,Sousel,981
121503,Santo Amaro,Sousel,539
121504,Sousel,Sousel,1783
130103,Ansiães,Amarante,516
130107,Candemil,Amarante,586
130112,Fregim,Amarante,2730
130115,Fridão,Amarante,664
130117,Gondar,Amarante,1536
130118,Jazente,Amarante,517
130119,Lomba,Amarante,820
130120,Louredo,Amarante,630
130121,Lufrei,Amarante,1594
130123,Mancelos,Amarante,2829
130126,Padronelo,Amarante,754
130128,Rebordelo,Amarante,267
130129,Salvador do Monte,Amarante,894
130134,Gouveia (São Simão),Amarante,577
130135,Telões,Amarante,3939
130136,Travanca,Amarante,2012
130138,Vila Caiz,Amarante,2849
130139,Vila Chã do Marão,Amarante,825
130141,"Aboadela, Sanche e Várzea",Amarante,1447
130142,"Amarante (São Gonçalo), Madalena, Cepelos e Gatão",Amarante,11564
130143,"Bustelo, Carneiro e Carvalho de Rei",Amarante,827
130144,Figueiró (Santiago e Santa Cristina),Amarante,3634
130145,Freixo de Cima e de Baixo,Amarante,3451
130146,Olo e Canadelo,Amarante,434
130147,Vila Meã,Amarante,4557
130148,"Vila Garcia, Aboim e Chapa",Amarante,1663
130204,Frende,Baião,580
130205,Gestaçô,Baião,1013
130206,Gove,Baião,1742
130207,Grilo,Baião,472
130208,Loivos do Monte,Baião,301
130215,Santa Marinha do Zêzere,Baião,2469
130219,Valadares,Baião,733
130220,Viariz,Baião,396
130221,Ancede e Ribadouro,Baião,2334
130222,Baião (Santa Leocádia) e Mesquinhata,Baião,731
130223,Campelo e Ovil,Baião,3686
130224,Loivos da Ribeira e Tresouras,Baião,700
130225,Santa Cruz do Douro e São Tomé de Covelas,Baião,1654
130226,Teixeira e Teixeiró,Baião,723
130301,Aião,Felgueiras,828
130302,Airães,Felgueiras,2292
130305,Friande,Felgueiras,1750
130306,Idães,Felgueiras,2550
130307,Jugueiros,Felgueiras,1220
130313,Penacova,Felgueiras,1062
130314,Pinheiro,Felgueiras,1053
130315,Pombeiro de Ribavizela,Felgueiras,2073
130317,Refontoura,Felgueiras,1897
130318,Regilde,Felgueiras,1182
130319,Revinhade,Felgueiras,799
130324,Sendim,Felgueiras,1564
130334,Macieira da Lixa e Caramos,Felgueiras,3605
130335,"Margaride (Santa Eulália), Várzea, Lagares, Varziela e Moure",Felgueiras,17695
130336,"Pedreira, Rande e Sernande",Felgueiras,3289
130337,Torrados e Sousa,Felgueiras,3287
130338,Unhão e Lordelo,Felgueiras,1099
130339,Vila Cova da Lixa e Borba de Godim,Felgueiras,6081
130340,Vila Fria e Vizela (São Jorge),Felgueiras,1105
130341,Vila Verde e Santão,Felgueiras,1417
130405,Lomba,Gondomar,1284
130408,Rio Tinto,Gondomar,51083
130412,Baguim do Monte (Rio Tinto),Gondomar,14386
130413,Fânzeres e São Pedro da Cova,Gondomar,37753
130414,Foz do Sousa e Covelo,Gondomar,7034
130415,"Gondomar (São Cosme), Valbom e Jovim",Gondomar,47422
130416,Melres e Medas,Gondomar,5295
130502,Aveleda,Lousada,2127
130504,Caíde de Rei,Lousada,2423
130510,Lodares,Lousada,2063
130512,Macieira,Lousada,1285
130513,Meinedo,Lousada,3800
130515,Nevogilde,Lousada,2451
130524,Sousela,Lousada,1789
130525,Torno,Lousada,2451
130526,Vilar do Torno e Alentém,Lousada,1295
130527,Cernadelo e Lousada (São Miguel e Santa Margarida),Lousada,2140
130528,"Cristelos, Boim e Ordem",Lousada,7552
130529,Figueiras e Covas,Lousada,2145
130531,Nespereira e Casais,Lousada,3434
130532,"Silvares, Pias, Nogueira e Alvarenga",Lousada,6594
130533,Barrosas (Santo Estêvão),Lousada,1049
130534,Lustosa,Lousada,4766
130601,Águas Santas,Maia,26632
130603,Folgosa,Maia,3600
130608,Milheirós,Maia,4762
130609,Moreira,Maia,13093
130613,São Pedro Fins,Maia,1816
130616,Vila Nova da Telha,Maia,6004
130617,Pedrouços,Maia,11564
130618,Castêlo da Maia,Maia,18587
130619,Cidade da Maia,Maia,40534
130620,Nogueira e Silva Escura,Maia,8342
130704,Banho e Carvalhosa,Marco de Canaveses,1074
130705,Constance,Marco de Canaveses,1519
130722,Soalhães,Marco de Canaveses,3322
130723,Sobretâmega,Marco de Canaveses,1084
130724,Tabuado,Marco de Canaveses,1336
130730,Vila Boa do Bispo,Marco de Canaveses,3048
130732,"Alpendorada, Várzea e Torrão",Marco de Canaveses,8055
130733,Avessadas e Rosém,Marco de Canaveses,1374
130734,Bem Viver,Marco de Canaveses,3542
130735,Santo Isidoro e Livração,Marco de Canaveses,1812
130736,Marco,Marco de Canaveses,11067
130737,Paredes de Viadores e Manhuncelos,Marco de Canaveses,1534
130739,Sande e São Lourenço do Douro,Marco de Canaveses,2445
130740,"Várzea, Aliviada e Folhada",Marco de Canaveses,2346
130741,Vila Boa de Quires e Maureles,Marco de Canaveses,3460
130742,Paços de Gaiolo,Marco de Canaveses,833
130743,Penha Longa,Marco de Canaveses,1690
130815,Custóias,Matosinhos,17935
130816,Guifões,Matosinhos,9019
130817,Lavra,Matosinhos,10968
130818,Leça da Palmeira,Matosinhos,19000
130819,Leça do Balio,Matosinhos,17091
130820,Matosinhos,Matosinhos,30034
130821,Perafita,Matosinhos,13311
130822,Santa Cruz do Bispo,Matosinhos,5367
130823,São Mamede de Infesta,Matosinhos,22844
130824,Senhora da Hora,Matosinhos,26988
130902,Carvalhosa,Paços de Ferreira,4514
130904,Eiriz,Paços de Ferreira,2181
130905,Ferreira,Paços de Ferreira,4244
130906,Figueiró,Paços de Ferreira,2477
130908,Freamunde,Paços de Ferreira,7557
130910,Meixomil,Paços de Ferreira,3749
130913,Penamaior,Paços de Ferreira,3586
130914,Raimonda,Paços de Ferreira,2491
130916,Seroa,Paços de Ferreira,3756
130920,Arreigada,Paços de Ferreira,1815
130921,Codessos,Paços de Ferreira,1004
130922,Frazão,Paços de Ferreira,4012
130923,Lamoso,Paços de Ferreira,1581
130924,Modelos,Paços de Ferreira,1425
130925,Paços de Ferreira,Paços de Ferreira,8244
130926,Sanfins de Ferreira,Paços de Ferreira,2959
131001,Aguiar de Sousa,Paredes,1582
131002,Astromil,Paredes,1067
131003,Baltar,Paredes,4720
131004,Beire,Paredes,2011
131008,Cete,Paredes,3091
131009,Cristelo,Paredes,1761
131010,Duas Igrejas,Paredes,3649
131011,Gandra,Paredes,6966
131013,Lordelo,Paredes,9106
131014,Louredo,Paredes,1384
131017,Parada de Todeia,Paredes,1792
131018,Rebordosa,Paredes,8496
131019,Recarei,Paredes,4479
131020,Sobreira,Paredes,4122
131021,Sobrosa,Paredes,2497
131022,Vandoma,Paredes,2306
131024,Vilela,Paredes,4739
131025,Paredes,Paredes,20586
131101,Abragão,Penafiel,2311
131102,Boelhe,Penafiel,1532
131103,Bustelo,Penafiel,1682
131104,Cabeça Santa,Penafiel,2354
131105,Canelas,Penafiel,1579
131106,Capela,Penafiel,964
131107,Castelões,Penafiel,1364
131108,Croca,Penafiel,1792
131109,Duas Igrejas,Penafiel,2255
131110,Eja,Penafiel,863
131112,Fonte Arcada,Penafiel,1459
131113,Galegos,Penafiel,2584
131115,Irivo,Penafiel,2100
131121,Oldrões,Penafiel,1954
131122,Paço de Sousa,Penafiel,3838
131125,Perozelo,Penafiel,1317
131128,Rans,Penafiel,1804
131129,Rio de Moinhos,Penafiel,2536
131132,Recezinhos (São Mamede),Penafiel,1364
131133,Recezinhos (São Martinho),Penafiel,1708
131134,Sebolido,Penafiel,823
131136,Valpedre,Penafiel,1508
131138,Rio Mau,Penafiel,1340
131139,Penafiel,Penafiel,15676
131140,Luzim e Vila Cova,Penafiel,1539
131141,Guilhufe e Urrô,Penafiel,3845
131142,Lagares e Figueira,Penafiel,2780
131143,Termas de São Vicente,Penafiel,4758
131202,Bonfim,Porto,22978
131203,Campanhã,Porto,29666
131210,Paranhos,Porto,45883
131211,Ramalde,Porto,38847
131216,"Aldoar, Foz do Douro e Nevogilde",Porto,29085
131217,"Cedofeita, Santo Ildefonso, Sé, Miragaia, São Nicolau e Vitória",Porto,37430
131218,Lordelo do Ouro e Massarelos,Porto,27911
131305,Balazar,Póvoa de Varzim,2482
131307,Estela,Póvoa de Varzim,2287
131308,Laundos,Póvoa de Varzim,1937
131311,Rates,Póvoa de Varzim,2472
131316,Aguçadoura,Póvoa de Varzim,4018
131317,Amorim,Póvoa de Varzim,2873
131318,Argivai,Póvoa de Varzim,2249
131319,Aver-o-Mar,Póvoa de Varzim,8886
131320,Beiriz,Póvoa de Varzim,3949
131321,Navais,Póvoa de Varzim,1371
131322,Póvoa de Varzim,Póvoa de Varzim,29237
131323,Terroso,Póvoa de Varzim,2494
131401,Agrela,Santo Tirso,1486
131402,Água Longa,Santo Tirso,2341
131405,Aves,Santo Tirso,7946
131413,Monte Córdova,Santo Tirso,3848
131416,Rebordões,Santo Tirso,3130
131418,Reguenga,Santo Tirso,1427
131419,Roriz,Santo Tirso,3308
131430,Negrelos (São Tomé),Santo Tirso,3755
131432,Vilarinho,Santo Tirso,3587
131433,"Areias, Sequeiró, Lama e Palmeira",Santo Tirso,6369
131434,Vila Nova do Campo,Santo Tirso,6315
131435,Carreira e Refojos de Riba de Ave,Santo Tirso,2040
131436,Lamelas e Guimarei,Santo Tirso,1567
131437,"Santo Tirso, Couto (Santa Cristina e São Miguel) e Burgães",Santo Tirso,20590
131501,Alfena,Valongo,14438
131503,Ermesinde,Valongo,39076
131505,Valongo,Valongo,25882
131507,Campo,Valongo,8808
131508,Sobrado,Valongo,6468
131602,Árvore,Vila do Conde,5569
131603,Aveleda,Vila do Conde,1224
131604,Azurara,Vila do Conde,2367
131607,Fajozes,Vila do Conde,1637
131610,Gião,Vila do Conde,1659
131611,Guilhabreu,Vila do Conde,2190
131612,Junqueira,Vila do Conde,1917
131613,Labruge,Vila do Conde,3000
131614,Macieira da Maia,Vila do Conde,2491
131616,Mindelo,Vila do Conde,3988
131617,Modivas,Vila do Conde,1764
131627,Vila Chã,Vila do Conde,3404
131628,Vila do Conde,Vila do Conde,29328
131630,Vilar de Pinheiro,Vila do Conde,2562
131631,"Bagunte, Ferreiró, Outeiro Maior e Parada",Vila do Conde,2662
131636,Touguinha e Touguinhó,Vila do Conde,3346
131637,Vilar e Mosteiró,Vila do Conde,2398
131638,Arcos,Vila do Conde,753
131639,Canidelo,Vila do Conde,886
131640,Fornelo,Vila do Conde,1248
131641,Malta,Vila do Conde,1335
131642,Retorta,Vila do Conde,1254
131643,Rio Mau,Vila do Conde,1890
131644,Tougues,Vila do Conde,790
131645,Vairão,Vila do Conde,1163
131701,Arcozelo,Vila Nova de Gaia,15144
131702,Avintes,Vila Nova de Gaia,10836
131703,Canelas,Vila Nova de Gaia,13918
131704,Canidelo,Vila Nova de Gaia,28054
131709,Madalena,Vila Nova de Gaia,10551
131712,Oliveira do Douro,Vila Nova de Gaia,22615
131717,São Félix da Marinha,Vila Nova de Gaia,13560
131723,Vilar de Andorinho,Vila Nova de Gaia,18003
131732,Crestuma,Vila Nova de Gaia,2373
131733,Grijó,Vila Nova de Gaia,10626
131734,Gulpilhares,Vila Nova de Gaia,11664
131735,Lever,Vila Nova de Gaia,2614
131736,Mafamude,Vila Nova de Gaia,38859
131737,Olival,Vila Nova de Gaia,5508
131738,Pedroso,Vila Nova de Gaia,18409
131739,Perosinho,Vila Nova de Gaia,6142
131740,Sandim,Vila Nova de Gaia,5461
131741,Santa Marinha,Vila Nova de Gaia,30315
131742,São Pedro da Afurada,Vila Nova de Gaia,3717
131743,Seixezelo,Vila Nova de Gaia,1817
131744,Sermonde,Vila Nova de Gaia,1392
131745,Serzedo,Vila Nova de Gaia,7603
131746,Valadares,Vila Nova de Gaia,10658
131747,Vilar do Paraíso,Vila Nova de Gaia,13985
131806,Covelas,Trofa,1463
131808,Muro,Trofa,1838
131810,Bougado (São Martinho e Santiago),Trofa,21374
131811,Coronado (São Romão e São Mamede),Trofa,9147
131812,Alvarelhos,Trofa,3127
131813,Guidões,Trofa,1642
140104,Bemposta,Abrantes,1459
140105,Martinchel,Abrantes,488
140106,Mouriscas,Abrantes,1480
140107,Pego,Abrantes,2175
140108,Rio de Moinhos,Abrantes,952
140115,Tramagal,Abrantes,2836
140118,Fontes,Abrantes,469
140119,Carvalhal,Abrantes,531
140120,Abrantes (São Vicente e São João) e Alferrarede,Abrantes,16123
140121,Aldeia do Mato e Souto,Abrantes,676
140122,Alvega e Concavada,Abrantes,1771
140123,São Facundo e Vale das Mós,Abrantes,1265
140124,São Miguel do Rio Torto e Rossio ao Sul do Tejo,Abrantes,4104
140202,Bugalhos,Alcanena,963
140206,Minde,Alcanena,2908
140207,Moitas Venda,Alcanena,781
140208,Monsanto,Alcanena,700
140209,Serra de Santo António,Alcanena,633
140211,Alcanena e Vila Moreira,Alcanena,4854
140212,"Malhou, Louriceira e Espinheiro",Alcanena,1633
140301,Almeirim,Almeirim,12368
140302,Benfica do Ribatejo,Almeirim,2795
140303,Fazendas de Almeirim,Almeirim,6352
140304,Raposa,Almeirim,497
140401,Alpiarça,Alpiarça,6975
140501,Benavente,Benavente,9385
140502,Samora Correia,Benavente,17698
140503,Santo Estêvão,Benavente,1988
140504,Barrosa,Benavente,638
140604,Pontével,Cartaxo,4360
140605,Valada,Cartaxo,683
140607,Vila Chã de Ourique,Cartaxo,2469
140608,Vale da Pedra,Cartaxo,1646
140609,Cartaxo e Vale da Pinta,Cartaxo,12302
140610,Ereira e Lapa,Cartaxo,1726
140704,Ulme,Chamusca,1000
140705,Vale de Cavalos,Chamusca,814
140707,Carregueira,Chamusca,1740
140708,Chamusca e Pinheiro Grande,Chamusca,3714
140709,Parreira e Chouto,Chamusca,1262
140801,Constância,Constância,958
140802,Montalvo,Constância,1239
140803,Santa Margarida da Coutada,Constância,1601
140902,Couço,Coruche,2271
140903,São José da Lamarosa,Coruche,1464
140905,Branca,Coruche,1302
140907,Biscainho,Coruche,960
140908,Santana do Mato,Coruche,945
140910,Coruche,Coruche,8048
140911,Erra,Coruche,787
140912,Fajarda,Coruche,1578
141001,São João Baptista,Entroncamento,7292
141002,Nossa Senhora de Fátima,Entroncamento,12849
141101,Águas Belas,Ferreira do Zêzere,1139
141103,Beco,Ferreira do Zêzere,753
141104,Chãos,Ferreira do Zêzere,465
141106,Ferreira do Zêzere,Ferreira do Zêzere,2314
141107,Igreja Nova do Sobral,Ferreira do Zêzere,583
141110,Nossa Senhora do Pranto,Ferreira do Zêzere,993
141111,Areias e Pias,Ferreira do Zêzere,1553
141201,Azinhaga,Golegã,1414
141202,Golegã,Golegã,3591
141203,Pombalinho,Golegã,395
141302,Amêndoa,Mação,387
141303,Cardigos,Mação,965
141304,Carvoeiro,Mação,519
141305,Envendos,Mação,804
141307,Ortiga,Mação,534
141309,"Mação, Penhascoso e Aboboreira",Mação,3193
141401,Alcobertas,Rio Maior,1735
141402,Arrouquelas,Rio Maior,634
141405,Fráguas,Rio Maior,817
141408,Rio Maior,Rio Maior,12516
141410,Asseiceira,Rio Maior,1124
141411,São Sebastião,Rio Maior,462
141415,Azambujeira e Malaqueijo,Rio Maior,797
141416,Marmeleira e Assentiz,Rio Maior,792
141417,Outeiro da Cortiçada e Arruda dos Pisões,Rio Maior,957
141418,São João da Ribeira e Ribeira de São João,Rio Maior,1170
141502,Marinhais,Salvaterra de Magos,6259
141503,Muge,Salvaterra de Magos,1188
141509,Foros de Salvaterra,Salvaterra de Magos,4897
141510,Glória do Ribatejo,Salvaterra de Magos,2883
141511,Granho,Salvaterra de Magos,845
141512,Salvaterra de Magos,Salvaterra de Magos,5535
141601,Abitureiras,Santarém,888
141602,Abrã,Santarém,980
141604,Alcanede,Santarém,3970
141605,Alcanhões,Santarém,1344
141606,Almoster,Santarém,1603
141607,Amiais de Baixo,Santarém,1616
141608,Arneiro das Milhariças,Santarém,738
141613,Moçarria,Santarém,965
141614,Pernes,Santarém,1246
141616,Póvoa da Isenta,Santarém,1045
141625,Vale de Santarém,Santarém,2755
141628,Gançaria,Santarém,485
141629,"Achete, Azoia de Baixo e Póvoa de Santarém",Santarém,2744
141630,Azoia de Cima e Tremês,Santarém,2154
141631,Casével e Vaqueiros,Santarém,1037
141632,Romeira e Várzea,Santarém,2450
141633,freguesias da cidade de Santarém,Santarém,30017
141635,São Vicente do Paul,Santarém,1616
141636,Vale de Figueira,Santarém,1009
141701,Alcaravela,Sardoal,779
141702,Santiago de Montalegre,Sardoal,208
141703,Sardoal,Sardoal,2151
141704,Valhascos,Sardoal,375
141802,Asseiceira,Tomar,2439
141804,Carregueiros,Tomar,1067
141808,Olalhas,Tomar,1216
141809,Paialvo,Tomar,2234
141813,São Pedro de Tomar,Tomar,2681
141814,Sabacheira,Tomar,844
141817,Além da Ribeira e Pedreira,Tomar,1080
141818,Casais e Alviobeira,Tomar,2528
141819,Madalena e Beselga,Tomar,3421
141821,Tomar (São João Baptista) e Santa Maria dos Olivais,Tomar,16932
141822,Junceira,Tomar,855
141823,Serra,Tomar,1116
141902,Assentiz,Torres Novas,2600
141904,Chancelaria,Torres Novas,1428
141909,Pedrógão,Torres Novas,1757
141910,Riachos,Torres Novas,4990
141916,Zibreira,Torres Novas,940
141917,Meia Via,Torres Novas,1666
141918,"Brogueira, Parceiros de Igreja e Alcorochel",Torres Novas,2602
141919,Olaia e Paço,Torres Novas,2021
141920,"Torres Novas (Santa Maria, Salvador e Santiago)",Torres Novas,8087
141921,"Torres Novas (São Pedro), Lapas e Ribeira Branca",Torres Novas,8020
142001,Atalaia,Vila Nova da Barquinha,1734
142002,Praia do Ribatejo,Vila Nova da Barquinha,1448
142003,Tancos,Vila Nova da Barquinha,190
142006,Vila Nova da Barquinha,Vila Nova da Barquinha,3644
142101,Alburitel,Ourém,1060
142102,Atouguia,Ourém,2087
142104,Caxarias,Ourém,2136
142105,Espite,Ourém,986
142106,Fátima,Ourém,13212
142111,Nossa Senhora das Misericórdias,Ourém,4655
142113,Seiça,Ourém,1879
142114,Urqueira,Ourém,1401
142115,Nossa Senhora da Piedade,Ourém,7250
142119,"Freixianda, Ribeira do Fárrio e Formigais",Ourém,3226
142123,Casal dos Bernardos,Ourém,797
142124,Cercal,Ourém,691
142125,Gondemaria,Ourém,991
142126,Matas,Ourém,927
142127,Olival,Ourém,1745
142128,Rio de Couros,Ourém,1495
150104,Torrão,Alcácer do Sal,1936
150105,São Martinho,Alcácer do Sal,349
150106,Comporta,Alcácer do Sal,1094
150108,Alcácer do Sal (Santa Maria do Castelo),Alcácer do Sal,3409
150109,Alcácer do Sal (Santiago),Alcácer do Sal,4053
150110,Santa Susana,Alcácer do Sal,271
150201,Alcochete,Alcochete,13228
150202,Samouco,Alcochete,3344
150203,São Francisco,Alcochete,2571
150303,Costa da Caparica,Almada,13968
150312,"Almada, Cova da Piedade, Pragal e Cacilhas",Almada,48608
150313,Caparica e Trafaria,Almada,26345
150314,Charneca de Caparica e Sobreda,Almada,48733
150315,Laranjeiro e Feijó,Almada,39584
150407,Santo António da Charneca,Barreiro,11594
150409,"Alto do Seixalinho, Santo André e Verderena",Barreiro,41296
150410,Barreiro e Lavradio,Barreiro,21813
150411,Palhais e Coina,Barreiro,3642
150501,Azinheira dos Barros e São Mamede do Sádão,Grândola,543
150503,Melides,Grândola,1459
150505,Carvalhal,Grândola,1518
150506,Grândola e Santa Margarida da Serra,Grândola,10302
150601,Alhos Vedros,Moita,16146
150603,Moita,Moita,17728
150607,Baixa da Banheira e Vale da Amoreira,Moita,30089
150608,Gaio-Rosário e Sarilhos Pequenos,Moita,2292
150701,Canha,Montijo,1566
150704,Sarilhos Grandes,Montijo,3243
150709,Atalaia e Alto Estanqueiro-Jardia,Montijo,5379
150710,Montijo e Afonsoeiro,Montijo,41404
150711,Pegões,Montijo,4090
150802,Palmela,Palmela,18790
150803,Pinhal Novo,Palmela,26989
150804,Quinta do Anjo,Palmela,14262
150806,Poceirão e Marateca,Palmela,8811
150901,Abela,Santiago do Cacém,836
150902,Alvalade,Santiago do Cacém,1803
150903,Cercal,Santiago do Cacém,2954
150904,Ermidas-Sado,Santiago do Cacém,2071
150907,Santo André,Santiago do Cacém,10309
150910,São Francisco da Serra,Santiago do Cacém,737
150912,"Santiago do Cacém, Santa Cruz e São Bartolomeu da Serra",Santiago do Cacém,7892
150914,São Domingos,Santiago do Cacém,670
150915,Vale de Água,Santiago do Cacém,500
151002,Amora,Seixal,49345
151005,Corroios,Seixal,50806
151006,Fernão Ferro,Seixal,20754
151008,Arrentela,Seixal,28825
151009,Paio Pires,Seixal,13623
151010,Seixal,Seixal,3154
151101,Sesimbra (Castelo),Sesimbra,20212
151102,Sesimbra (Santiago),Sesimbra,4083
151103,Quinta do Conde,Sesimbra,28089
151205,Setúbal (São Sebastião),Setúbal,52627
151207,Gâmbia-Pontes-Alto da Guerra,Setúbal,6809
151208,Sado,Setúbal,5357
151209,Azeitão (São Lourenço e São Simão),Setúbal,20946
151210,"Setúbal (São Julião, Nossa Senhora da Anunciada e Santa Maria da Graça)",Setúbal,37757
151301,Sines,Sines,13107
151302,Porto Covo,Sines,1091
160101,Aboim das Choças,Arcos de Valdevez,295
160102,Aguiã,Arcos de Valdevez,707
160104,Ázere,Arcos de Valdevez,207
160105,Cabana Maior,Arcos de Valdevez,177
160106,Cabreiro,Arcos de Valdevez,324
160108,Cendufe,Arcos de Valdevez,308
160109,Couto,Arcos de Valdevez,646
160113,Gavieira,Arcos de Valdevez,258
160115,Gondoriz,Arcos de Valdevez,861
160121,Miranda,Arcos de Valdevez,245
160122,Monte Redondo,Arcos de Valdevez,196
160123,Oliveira,Arcos de Valdevez,327
160124,Paçô,Arcos de Valdevez,970
160125,Padroso,Arcos de Valdevez,197
160128,Prozelo,Arcos de Valdevez,815
160130,Rio Frio,Arcos de Valdevez,536
160131,Rio de Moinhos,Arcos de Valdevez,433
160133,Sabadim,Arcos de Valdevez,410
160142,Jolda (São Paio),Arcos de Valdevez,316
160144,Senharei,Arcos de Valdevez,164
160145,Sistelo,Arcos de Valdevez,199
160146,Soajo,Arcos de Valdevez,670
160149,Vale,Arcos de Valdevez,662
160152,Alvora e Loureda,Arcos de Valdevez,378
160153,Arcos de Valdevez (São Paio) e Giela,Arcos de Valdevez,1676
160154,"Arcos de Valdevez (Salvador), Vila Fonche e Parada",Arcos de Valdevez,2754
160155,Eiras e Mei,Arcos de Valdevez,322
160156,Grade e Carralcova,Arcos de Valdevez,450
160157,Guilhadeses e Santar,Arcos de Valdevez,1172
160158,Jolda (Madalena) e Rio Cabrão,Arcos de Valdevez,421
160159,Padreiro (Salvador e Santa Cristina),Arcos de Valdevez,349
160160,Portela e Extremo,Arcos de Valdevez,323
160161,São Jorge e Ermelo,Arcos de Valdevez,713
160162,Souto e Tabaçô,Arcos de Valdevez,913
160163,Távora (Santa Maria e São Vicente),Arcos de Valdevez,848
160164,"Vilela, São Cosme e São Damião e Sá",Arcos de Valdevez,476
160201,Âncora,Caminha,1186
160205,Argela,Caminha,375
160209,Dem,Caminha,309
160211,Lanhelas,Caminha,897
160214,Riba de Âncora,Caminha,680
160215,Seixas,Caminha,1413
160217,Vila Praia de Âncora,Caminha,4623
160218,Vilar de Mouros,Caminha,725
160220,Vile,Caminha,288
160221,"Arga (Baixo, Cima e São João)",Caminha,159
160222,Caminha (Matriz) e Vilarelho,Caminha,2373
160223,Gondar e Orbacém,Caminha,398
160224,Moledo e Cristelo,Caminha,1490
160225,Venade e Azevedo,Caminha,881
160301,Alvaredo,Melgaço,492
160304,Cousso,Melgaço,239
160305,Cristoval,Melgaço,422
160307,Fiães,Melgaço,146
160308,Gave,Melgaço,180
160311,Paderne,Melgaço,1030
160313,Penso,Melgaço,445
160317,São Paio,Melgaço,535
160319,Castro Laboreiro e Lamas de Mouro,Melgaço,503
160320,Chaviães e Paços,Melgaço,559
160321,Parada do Monte e Cubalhão,Melgaço,477
160322,Prado e Remoães,Melgaço,445
160323,Vila e Roussas,Melgaço,2300
160401,Abedim,Monção,191
160404,Barbeita,Monção,923
160405,Barroças e Taias,Monção,279
160406,Bela,Monção,596
160407,Cambeses,Monção,496
160410,Lara,Monção,255
160411,Longos Vales,Monção,863
160415,Merufe,Monção,864
160418,Moreira,Monção,572
160420,Pias,Monção,763
160421,Pinheiros,Monção,319
160422,Podame,Monção,265
160423,Portela,Monção,202
160424,Riba de Mouro,Monção,802
160427,Segude,Monção,320
160428,Tangil,Monção,629
160431,Trute,Monção,246
160434,Anhões e Luzio,Monção,196
160435,Ceivães e Badim,Monção,553
160436,Mazedo e Cortes,Monção,3817
160437,"Messegães, Valadares e Sá",Monção,553
160438,Monção e Troviscoso,Monção,3277
160439,"Sago, Lordelo e Parada",Monção,381
160440,Troporiz e Lapela,Monção,454
160501,Agualonga,Paredes de Coura,263
160503,Castanheira,Paredes de Coura,637
160505,Coura,Paredes de Coura,330
160507,Cunha,Paredes de Coura,459
160510,Infesta,Paredes de Coura,413
160513,Mozelos,Paredes de Coura,343
160514,Padornelo,Paredes de Coura,412
160515,Parada,Paredes de Coura,278
160519,Romarigães,Paredes de Coura,224
160520,Rubiães,Paredes de Coura,493
160521,Vascões,Paredes de Coura,218
160522,Bico e Cristelo,Paredes de Coura,734
160523,Cossourado e Linhares,Paredes de Coura,509
160524,Formariz e Ferreira,Paredes de Coura,915
160525,Insalde e Porreiras,Paredes de Coura,393
160526,Paredes de Coura e Resende,Paredes de Coura,2011
160601,Azias,Ponte da Barca,303
160602,Boivães,Ponte da Barca,266
160603,Bravães,Ponte da Barca,600
160604,Britelo,Ponte da Barca,379
160606,Cuide de Vila Verde,Ponte da Barca,311
160611,Lavradas,Ponte da Barca,826
160612,Lindoso,Ponte da Barca,373
160613,Nogueira,Ponte da Barca,374
160614,Oleiros,Ponte da Barca,447
160619,Sampriz,Ponte da Barca,307
160623,Vade (São Pedro),Ponte da Barca,240
160624,Vade (São Tomé),Ponte da Barca,295
160626,"Crasto, Ruivos e Grovelas",Ponte da Barca,766
160627,"Entre Ambos-os-Rios, Ermida e Germil",Ponte da Barca,498
160628,"Ponte da Barca, Vila Nova de Muía e Paço Vedro de Magalhães",Ponte da Barca,4192
160629,Touvedo (São Lourenço e Salvador),Ponte da Barca,327
160630,Vila Chã (São João Baptista e Santiago),Ponte da Barca,540
160701,Anais,Ponte de Lima,1027
160703,São Pedro d'Arcos,Ponte de Lima,602
160704,Arcozelo,Ponte de Lima,3562
160707,Beiral do Lima,Ponte de Lima,576
160708,Bertiandos,Ponte de Lima,360
160709,Boalhosa,Ponte de Lima,117
160710,Brandara,Ponte de Lima,420
160713,Calheiros,Ponte de Lima,930
160714,Calvelo,Ponte de Lima,617
160716,Correlhã,Ponte de Lima,2787
160717,Estorãos,Ponte de Lima,408
160718,Facha,Ponte de Lima,1390
160719,Feitosa,Ponte de Lima,1865
160721,Fontão,Ponte de Lima,1090
160724,Friastelas,Ponte de Lima,430
160726,Gandra,Ponte de Lima,1065
160727,Gemieira,Ponte de Lima,597
160728,Gondufe,Ponte de Lima,361
160729,Labruja,Ponte de Lima,383
160734,Poiares,Ponte de Lima,737
160737,Refóios do Lima,Ponte de Lima,1978
160739,Ribeira,Ponte de Lima,1846
160740,Sá,Ponte de Lima,343
160742,Santa Comba,Ponte de Lima,591
160743,Santa Cruz do Lima,Ponte de Lima,401
160744,Rebordões (Santa Maria),Ponte de Lima,969
160745,Seara,Ponte de Lima,694
160746,Serdedelo,Ponte de Lima,418
160747,Rebordões (Souto),Ponte de Lima,1011
160750,Vitorino das Donas,Ponte de Lima,979
160752,Arca e Ponte de Lima,Ponte de Lima,3925
160753,"Ardegão, Freixo e Mato",Ponte de Lima,1551
160755,Bárrio e Cepões,Ponte de Lima,786
160756,Cabaços e Fojo Lobal,Ponte de Lima,818
160757,Cabração e Moreira do Lima,Ponte de Lima,899
160758,Fornelos e Queijada,Ponte de Lima,1869
160759,"Labrujó, Rendufe e Vilar do Monte",Ponte de Lima,315
160760,Navió e Vitorino dos Piães,Ponte de Lima,1544
160761,Gaifar,Ponte de Lima,202
160762,Sandiães,Ponte de Lima,406
160763,Vilar das Almas,Ponte de Lima,295
160802,Boivão,Valença,185
160803,Cerdal,Valença,1550
160805,Fontoura,Valença,685
160806,Friestas,Valença,513
160808,Ganfei,Valença,1207
160812,São Pedro da Torre,Valença,1243
160816,Verdoejo,Valença,573
160817,Gandra e Taião,Valença,1391
160818,Gondomil e Sanfins,Valença,418
160819,São Julião e Silva,Valença,600
160820,"Valença, Cristelo Covo e Arão",Valença,5258
160901,Afife,Viana do Castelo,1519
160902,Alvarães,Viana do Castelo,2462
160903,Amonde,Viana do Castelo,231
160904,Anha,Viana do Castelo,2257
160905,Areosa,Viana do Castelo,4698
160908,Carreço,Viana do Castelo,1737
160910,Castelo do Neiva,Viana do Castelo,2719
160911,Darque,Viana do Castelo,8002
160914,Freixieiro de Soutelo,Viana do Castelo,465
160915,Lanheses,Viana do Castelo,1517
160920,Montaria,Viana do Castelo,450
160922,Mujães,Viana do Castelo,1422
160923,São Romão de Neiva,Viana do Castelo,1048
160925,Outeiro,Viana do Castelo,1060
160926,Perre,Viana do Castelo,2772
160928,Santa Marta de Portuzelo,Viana do Castelo,3901
160935,Vila Franca,Viana do Castelo,1686
160938,Vila de Punhe,Viana do Castelo,2064
160940,Chafé,Viana do Castelo,3447
160943,"Geraz do Lima (Santa Maria, Santa Leocádia e Moreira) e Deão",Viana do Castelo,3044
160945,"Nogueira, Meixedo e Vilar de Murteda",Viana do Castelo,1433
160946,"Subportela, Deocriste e Portela Susã",Viana do Castelo,2250
160947,Torre e Vila Mou,Viana do Castelo,1092
160948,Viana do Castelo (Santa Maria Maior e Monserrate) e Meadela,Viana do Castelo,25157
160949,Barroselas,Viana do Castelo,3723
160950,Cardielos,Viana do Castelo,1208
160951,Carvoeiro,Viana do Castelo,978
160952,Mazarefes,Viana do Castelo,1252
160953,Serreleis,Viana do Castelo,942
160954,Vila Fria,Viana do Castelo,1242
161003,Cornes,Vila Nova de Cerveira,489
161004,Covas,Vila Nova de Cerveira,603
161006,Gondarém,Vila Nova de Cerveira,909
161007,Loivo,Vila Nova de Cerveira,834
161009,Mentrestido,Vila Nova de Cerveira,273
161012,Sapardos,Vila Nova de Cerveira,330
161013,Sopo,Vila Nova de Cerveira,497
161016,Campos e Vila Meã,Vila Nova de Cerveira,1751
161017,Candemil e Gondar,Vila Nova de Cerveira,313
161018,Reboreda e Nogueira,Vila Nova de Cerveira,1142
161019,Vila Nova de Cerveira e Lovelhe,Vila Nova de Cerveira,1780
170101,Alijó,Alijó,2584
170107,Favaios,Alijó,937
170108,Pegarinhos,Alijó,394
170109,Pinhão,Alijó,622
170112,Sanfins do Douro,Alijó,1256
170113,Santa Eugénia,Alijó,278
170114,São Mamede de Ribatua,Alijó,586
170116,Vila Chã,Alijó,445
170117,Vila Verde,Alijó,547
170118,Vilar de Maçada,Alijó,816
170120,Carlão e Amieiro,Alijó,627
170121,Castedo e Cotas,Alijó,536
170122,Pópulo e Ribalonga,Alijó,409
170123,"Vale de Mendiz, Casal de Loivos e Vilarinho de Cotas",Alijó,449
170203,Beça,Boticas,778
170208,Covas do Barroso,Boticas,191
170210,Dornelas,Boticas,274
170213,Pinho,Boticas,328
170215,Sapiãos,Boticas,397
170217,Alturas do Barroso e Cerdedo,Boticas,389
170218,Ardãos e Bobadela,Boticas,463
170219,Boticas e Granja,Boticas,1540
170220,"Codessoso, Curros e Fiães do Tâmega",Boticas,257
170221,Vilar e Viveiro,Boticas,383
170301,Águas Frias,Chaves,607
170302,Anelhe,Chaves,444
170305,Bustelo,Chaves,449
170309,Cimo de Vila da Castanheira,Chaves,338
170310,Curalha,Chaves,416
170312,Ervededo,Chaves,595
170313,Faiões,Chaves,831
170314,Lama de Arcos,Chaves,291
170316,Mairos,Chaves,271
170317,Moreiras,Chaves,216
170318,Nogueira da Montanha,Chaves,461
170320,Oura,Chaves,515
170321,Outeiro Seco,Chaves,849
170322,Paradela,Chaves,216
170324,Redondelo,Chaves,455
170327,Sanfins,Chaves,200
170329,Santa Leocádia,Chaves,254
170330,Santo António de Monforte,Chaves,397
170331,Santo Estêvão,Chaves,543
170333,São Pedro de Agostém,Chaves,1323
170334,São Vicente,Chaves,185
170340,Tronco,Chaves,202
170341,Vale de Anta,Chaves,1625
170343,Vila Verde da Raia,Chaves,815
170344,Vilar de Nantes,Chaves,1898
170345,Vilarelho da Raia,Chaves,464
170347,Vilas Boas,Chaves,164
170348,Vilela Seca,Chaves,238
170349,Vilela do Tâmega,Chaves,353
170350,Santa Maria Maior,Chaves,11408
170353,Planalto de Monforte,Chaves,260
170354,Madalena e Samaiões,Chaves,2416
170355,"Eiras, São Julião de Montenegro e Cela",Chaves,850
170356,Calvão e Soutelinho da Raia,Chaves,431
170357,Loivos e Póvoa de Agrações,Chaves,586
170358,Santa Cruz/Trindade e Sanjurge,Chaves,3381
170359,Soutelo e Seara Velha,Chaves,461
170360,Travancas e Roriz,Chaves,454
170361,Vidago,Chaves,1728
170401,Barqueiros,Mesão Frio,537
170402,Cidadelhe,Mesão Frio,131
170403,Oliveira,Mesão Frio,349
170407,Vila Marim,Mesão Frio,915
170408,Mesão Frio (Santo André),Mesão Frio,1615
170501,Atei,Mondim de Basto,1144
170502,Bilhó,Mondim de Basto,429
170505,São Cristóvão de Mondim de Basto,Mondim de Basto,2971
170508,Vilar de Ferreiros,Mondim de Basto,888
170509,Campanhó e Paradança,Mondim de Basto,600
170510,Ermelo e Pardelhas,Mondim de Basto,378
170601,Cabril,Montalegre,512
170603,Cervos,Montalegre,227
170604,Chã,Montalegre,701
170607,Covelo do Gerês,Montalegre,166
170609,Ferral,Montalegre,293
170612,Gralhas,Montalegre,186
170616,Morgade,Montalegre,195
170618,Negrões,Montalegre,132
170619,Outeiro,Montalegre,143
170623,Pitões das Junias,Montalegre,151
170625,Reigoso,Montalegre,130
170626,Salto,Montalegre,1263
170627,Santo André,Montalegre,149
170629,Sarraquinhos,Montalegre,300
170631,Solveira,Montalegre,150
170632,Tourém,Montalegre,110
170635,Vila da Ponte,Montalegre,167
170636,"Cambeses do Rio, Donões e Mourilhe",Montalegre,273
170637,Meixedo e Padornelos,Montalegre,265
170638,Montalegre e Padroso,Montalegre,1772
170639,"Paradela, Contim e Fiães",Montalegre,245
170640,Sezelhe e Covelães,Montalegre,229
170641,Venda Nova e Pondras,Montalegre,344
170642,Viade de Baixo e Fervidelas,Montalegre,695
170643,Vilar de Perdizes e Meixide,Montalegre,463
170701,Candedo,Murça,821
170703,Fiolhoso,Murça,416
170704,Jou,Murça,535
170705,Murça,Murça,1964
170708,Valongo de Milhais,Murça,265
170710,Carva e Vilares,Murça,432
170711,Noura e Palheiros,Murça,812
170802,Fontelas,Peso da Régua,630
170805,Loureiro,Peso da Régua,892
170809,Sedielos,Peso da Régua,729
170810,Vilarinho dos Freires,Peso da Régua,737
170813,Galafura e Covelinhas,Peso da Régua,705
170814,Moura Morta e Vinhós,Peso da Régua,750
170815,Peso da Régua e Godim,Peso da Régua,8905
170817,Canelas,Peso da Régua,517
170818,Poiares,Peso da Régua,675
170901,Alvadia,Ribeira de Pena,165
170902,Canedo,Ribeira de Pena,275
170906,Santa Marinha,Ribeira de Pena,551
170908,Cerva e Limões,Ribeira de Pena,2285
170909,Ribeira de Pena (Salvador) e Santo Aleixo de Além-Tâmega,Ribeira de Pena,2608
171001,Celeirós,Sabrosa,201
171002,Covas do Douro,Sabrosa,363
171004,Gouvinhas,Sabrosa,220
171005,Parada de Pinhão,Sabrosa,257
171007,Paços,Sabrosa,676
171009,Sabrosa,Sabrosa,1130
171011,São Lourenço de Ribapinhão,Sabrosa,318
171013,Souto Maior,Sabrosa,439
171014,Torre do Pinhão,Sabrosa,296
171015,Vilarinho de São Romão,Sabrosa,237
171016,"Provesende, Gouvães do Douro e São Cristóvão do Douro",Sabrosa,463
171017,São Martinho de Antas e Paradela de Guiães,Sabrosa,948
171101,Alvações do Corgo,Santa Marta de Penaguião,405
171102,Cumieira,Santa Marta de Penaguião,1006
171103,Fontes,Santa Marta de Penaguião,662
171106,Medrões,Santa Marta de Penaguião,433
171110,Sever,Santa Marta de Penaguião,581
171112,Louredo e Fornelos,Santa Marta de Penaguião,520
171113,Lobrigos (São João Baptista),Santa Marta de Penaguião,1015
171114,Lobrigos (São Miguel),Santa Marta de Penaguião,1183
171115,Sanhoane,Santa Marta de Penaguião,295
171201,Água Revés e Crasto,Valpaços,275
171203,Algeriz,Valpaços,502
171205,Bouçoães,Valpaços,303
171206,Canaveses,Valpaços,170
171209,Ervões,Valpaços,534
171211,Fornos do Pinhal,Valpaços,320
171212,Friões,Valpaços,447
171215,Padrela e Tazem,Valpaços,277
171216,Possacos,Valpaços,358
171217,Rio Torto,Valpaços,284
171219,Santa Maria de Emeres,Valpaços,311
171220,Santa Valha,Valpaços,317
171221,Santiago da Ribeira de Alhariz,Valpaços,503
171222,São João da Corveira,Valpaços,455
171223,São Pedro de Veiga de Lila,Valpaços,243
171224,Serapicos,Valpaços,196
171227,Vales,Valpaços,191
171229,Vassal,Valpaços,395
171230,Veiga de Lila,Valpaços,233
171231,Vilarandelo,Valpaços,961
171232,Carrazedo de Montenegro e Curros,Valpaços,1643
171233,"Lebução, Fiães e Nozelos",Valpaços,548
171234,Sonim e Barreiros,Valpaços,314
171235,Tinhela e Alvarelhos,Valpaços,261
171236,Valpaços e Sanfins,Valpaços,4660
171302,Alfarela de Jales,Vila Pouca de Aguiar,357
171303,Bornes de Aguiar,Vila Pouca de Aguiar,1933
171304,Bragado,Vila Pouca de Aguiar,446
171305,Capeludos,Vila Pouca de Aguiar,363
171310,Soutelo de Aguiar,Vila Pouca de Aguiar,602
171311,Telões,Vila Pouca de Aguiar,1328
171312,Tresminas,Vila Pouca de Aguiar,341
171313,Valoura,Vila Pouca de Aguiar,295
171314,Vila Pouca de Aguiar,Vila Pouca de Aguiar,3118
171315,Vreia de Bornes,Vila Pouca de Aguiar,567
171316,Vreia de Jales,Vila Pouca de Aguiar,852
171317,Sabroso de Aguiar,Vila Pouca de Aguiar,548
171319,Alvão,Vila Pouca de Aguiar,774
171320,Pensalvos e Parada de Monteiros,Vila Pouca de Aguiar,288
171401,Abaças,Vila Real,836
171403,Andrães,Vila Real,1373
171404,Arroios,Vila Real,1059
171406,Campeã,Vila Real,1226
171409,Folhadela,Vila Real,2163
171410,Guiães,Vila Real,384
171414,Lordelo,Vila Real,3227
171415,Mateus,Vila Real,3539
171416,Mondrões,Vila Real,948
171420,Parada de Cunhos,Vila Real,1724
171426,Torgueda,Vila Real,1234
171429,Vila Marim,Vila Real,1517
171431,Adoufe e Vilarinho de Samardã,Vila Real,2658
171432,Borbela e Lamas de Olo,Vila Real,2890
171433,Constantim e Vale de Nogueiras,Vila Real,1730
171434,Mouçós e Lamares,Vila Real,3182
171435,Nogueira e Ermida,Vila Real,759
171436,"Pena, Quintã e Vila Cova",Vila Real,713
171437,São Tomé do Castelo e Justes,Vila Real,1066
171438,Vila Real,Vila Real,17343
180101,Aldeias,Armamar,307
180104,Cimbres,Armamar,270
180106,Folgosa,Armamar,334
180107,Fontelo,Armamar,602
180109,Queimada,Armamar,291
180110,Queimadela,Armamar,208
180111,Santa Cruz,Armamar,173
180114,São Cosmado,Armamar,514
180115,São Martinho das Chãs,Armamar,478
180118,Vacalar,Armamar,172
180120,Armamar,Armamar,1510
180121,Aricera e Goujoim,Armamar,185
180122,São Romão e Santiago,Armamar,224
180123,Vila Seca e Santo Adrião,Armamar,410
180201,Beijós,Carregal do Sal,814
180202,Cabanas de Viriato,Carregal do Sal,1457
180204,Oliveira do Conde,Carregal do Sal,2798
180206,Parada,Carregal do Sal,744
180208,Carregal do Sal,Carregal do Sal,3225
180301,Almofala,Castro Daire,222
180303,Cabril,Castro Daire,335
180304,Castro Daire,Castro Daire,4557
180305,Cujó,Castro Daire,245
180309,Gosende,Castro Daire,368
180312,Mões,Castro Daire,1691
180313,Moledo,Castro Daire,1049
180314,Monteiras,Castro Daire,404
180317,Pepim,Castro Daire,245
180319,Pinheiro,Castro Daire,669
180322,São Joaninho,Castro Daire,348
180323,"Mamouros, Alva e Ribolhos",Castro Daire,1188
180324,Mezio e Moura Morta,Castro Daire,532
180325,Parada de Ester e Ester,Castro Daire,744
180326,Picão e Ermida,Castro Daire,415
180327,Reriz e Gafanhão,Castro Daire,724
180403,Cinfães,Cinfães,3080
180404,Espadanedo,Cinfães,1161
180405,Ferreiros de Tendais,Cinfães,540
180406,Fornelos,Cinfães,590
180408,Moimenta,Cinfães,356
180409,Nespereira,Cinfães,1695
180410,Oliveira do Douro,Cinfães,1257
180412,Santiago de Piães,Cinfães,1607
180413,São Cristóvão de Nogueira,Cinfães,1638
180414,Souselo,Cinfães,2839
180415,Tarouquela,Cinfães,1041
180416,Tendais,Cinfães,697
180417,Travanca,Cinfães,712
180418,"Alhões, Bustelo, Gralheira e Ramires",Cinfães,517
180502,Avões,Lamego,502
180504,Britiande,Lamego,792
180505,Cambres,Lamego,1592
180507,Ferreirim,Lamego,898
180508,Ferreiros de Avões,Lamego,426
180509,Figueira,Lamego,279
180510,Lalim,Lamego,659
180511,Lazarim,Lamego,407
180516,Penajóia,Lamego,804
180517,Penude,Lamego,1406
180519,Samodães,Lamego,172
180520,Sande,Lamego,811
180523,Várzea de Abrunhais,Lamego,329
180524,Vila Nova de Souto d'El-Rei,Lamego,728
180525,Lamego (Almacave e Sé),Lamego,12071
180526,"Bigorne, Magueija e Pretarouca",Lamego,575
180527,"Cepões, Meijinhos e Melcões",Lamego,970
180528,Parada do Bispo e Valdigem,Lamego,891
180601,Abrunhosa-a-Velha,Mangualde,440
180602,Alcafache,Mangualde,811
180605,Cunha Baixa,Mangualde,801
180606,Espinho,Mangualde,951
180607,Fornos de Maceira Dão,Mangualde,1308
180608,Freixiosa,Mangualde,234
180614,Quintela de Azurara,Mangualde,506
180616,São João da Fresta,Mangualde,169
180619,"Mangualde, Mesquitela e Cunha Alta",Mangualde,9858
180620,Moimenta de Maceira Dão e Lobelhe do Mato,Mangualde,727
180621,Santiago de Cassurrães e Póvoa de Cervães,Mangualde,1218
180622,"Tavares (Chãs, Várzea e Travanca)",Mangualde,1280
180702,Alvite,Moimenta da Beira,1027
180703,Arcozelos,Moimenta da Beira,608
180705,Baldos,Moimenta da Beira,151
180706,Cabaços,Moimenta da Beira,220
180707,Caria,Moimenta da Beira,406
180708,Castelo,Moimenta da Beira,196
180709,Leomil,Moimenta da Beira,1131
180710,Moimenta da Beira,Moimenta da Beira,2843
180713,Passô,Moimenta da Beira,287
180716,Vila da Rua,Moimenta da Beira,510
180717,Sarzedo,Moimenta da Beira,154
180719,Sever,Moimenta da Beira,514
180720,Vilar,Moimenta da Beira,316
180721,Paradinha e Nagosa,Moimenta da Beira,229
180722,"Pêra Velha, Aldeia de Nacomba e Ariz",Moimenta da Beira,389
180723,Peva e Segões,Moimenta da Beira,429
180802,Cercosa,Mortágua,284
180804,Espinho,Mortágua,984
180805,Marmeleira,Mortágua,489
180807,Pala,Mortágua,859
180808,Sobral,Mortágua,2189
180809,Trezói,Mortágua,343
180811,"Mortágua, Vale de Remígio, Cortegaça e Almaça",Mortágua,3815
180901,Canas de Senhorim,Nelas,3334
180903,Nelas,Nelas,4634
180905,Senhorim,Nelas,1019
180906,Vilar Seco,Nelas,668
180908,Lapa do Lobo,Nelas,682
180910,Carvalhal Redondo e Aguieira,Nelas,1371
180911,Santar e Moreira,Nelas,1411
181002,Arcozelo das Maias,Oliveira de Frades,1223
181005,Pinheiro,Oliveira de Frades,1115
181007,Ribeiradio,Oliveira de Frades,859
181008,São João da Serra,Oliveira de Frades,409
181009,São Vicente de Lafões,Oliveira de Frades,748
181013,Arca e Varzielas,Oliveira de Frades,559
181014,Destriz e Reigoso,Oliveira de Frades,587
181015,"Oliveira de Frades, Souto de Lafões e Sejães",Oliveira de Frades,4006
181102,Castelo de Penalva,Penalva do Castelo,812
181103,Esmolfe,Penalva do Castelo,382
181104,Germil,Penalva do Castelo,436
181105,Ínsua,Penalva do Castelo,2046
181106,Lusinde,Penalva do Castelo,190
181109,Pindo,Penalva do Castelo,1716
181110,Real,Penalva do Castelo,244
181111,Sezures,Penalva do Castelo,606
181112,Trancozelos,Penalva do Castelo,247
181114,Antas e Matela,Penalva do Castelo,403
181115,Vila Cova do Covelo/Mareco,Penalva do Castelo,251
181202,Beselga,Penedono,270
181203,Castainço,Penedono,128
181207,Penela da Beira,Penedono,321
181208,Póvoa de Penela,Penedono,337
181209,Souto,Penedono,288
181210,Antas e Ourozinho,Penedono,285
181211,Penedono e Granja,Penedono,1109
181302,Barrô,Resende,595
181303,Cárquere,Resende,746
181310,Paus,Resende,421
181311,Resende,Resende,3076
181312,São Cipriano,Resende,670
181313,São João de Fontoura,Resende,537
181314,São Martinho de Mouros,Resende,1333
181316,Anreade e São Romão de Aregos,Resende,1348
181317,Felgueiras e Feirão,Resende,364
181318,Freigil e Miomães,Resende,678
181319,Ovadas e Panchorra,Resende,283
181403,Pinheiro de Ázere,Santa Comba Dão,830
181405,São Joaninho,Santa Comba Dão,1014
181406,São João de Areias,Santa Comba Dão,1721
181410,Ovoa e Vimieiro,Santa Comba Dão,1480
181411,Santa Comba Dão e Couto do Mosteiro,Santa Comba Dão,4407
181412,Treixedo e Nagozela,Santa Comba Dão,1189
181501,Castanheiro do Sul,São João da Pesqueira,382
181502,Ervedosa do Douro,São João da Pesqueira,1029
181504,Nagozelo do Douro,São João da Pesqueira,340
181505,Paredes da Beira,São João da Pesqueira,495
181507,Riodades,São João da Pesqueira,405
181509,Soutelo do Douro,São João da Pesqueira,372
181511,Vale de Figueira,São João da Pesqueira,356
181512,Valongo dos Azeites,São João da Pesqueira,220
181515,São João da Pesqueira e Várzea de Trevões,São João da Pesqueira,2273
181516,Trevões e Espinhosa,São João da Pesqueira,546
181517,Vilarouco e Pereiros,São João da Pesqueira,357
181602,Bordonhos,São Pedro do Sul,508
181606,Figueiredo de Alva,São Pedro do Sul,721
181607,Manhouce,São Pedro do Sul,466
181608,Pindelo dos Milagres,São Pedro do Sul,571
181609,Pinho,São Pedro do Sul,654
181612,São Félix,São Pedro do Sul,365
181615,Serrazes,São Pedro do Sul,890
181616,Sul,São Pedro do Sul,878
181617,Valadares,São Pedro do Sul,660
181619,Vila Maior,São Pedro do Sul,872
181620,Carvalhais e Candal,São Pedro do Sul,1413
181621,Santa Cruz da Trapa e São Cristóvão de Lafões,São Pedro do Sul,1384
181622,São Martinho das Moitas e Covas do Rio,São Pedro do Sul,258
181623,"São Pedro do Sul, Várzea e Baiões",São Pedro do Sul,5497
181702,Avelal,Sátão,489
181704,Ferreira de Aves,Sátão,1823
181706,Mioma,Sátão,1164
181707,Rio de Moinhos,Sátão,789
181709,São Miguel de Vila Boa,Sátão,1226
181710,Sátão,Sátão,3825
181711,Silvã de Cima,Sátão,425
181713,Águas Boas e Forles,Sátão,227
181714,"Romãs, Decermilo e Vila Longa",Sátão,1062
181801,Arnas,Sernancelhe,187
181802,Carregal,Sernancelhe,420
181803,Chosendo,Sernancelhe,267
181804,Cunha,Sernancelhe,323
181806,Faia,Sernancelhe,160
181810,Granjal,Sernancelhe,282
181811,Lamosa,Sernancelhe,179
181814,Quintela,Sernancelhe,249
181817,Vila da Ponte,Sernancelhe,468
181818,Ferreirim e Macieira,Sernancelhe,614
181819,Fonte Arcada e Escurquela,Sernancelhe,424
181820,Penso e Freixinho,Sernancelhe,364
181821,Sernancelhe e Sarzeda,Sernancelhe,1755
181901,Adorigo,Tabuaço,301
181902,Arcos,Tabuaço,163
181904,Chavães,Tabuaço,299
181905,Desejosa,Tabuaço,117
181906,Granja do Tedo,Tabuaço,156
181908,Longa,Tabuaço,209
181913,Sendim,Tabuaço,675
181914,Tabuaço,Tabuaço,1535
181917,Valença do Douro,Tabuaço,254
181918,Barcos e Santa Leocádia,Tabuaço,625
181919,Paradela e Granjinha,Tabuaço,99
181920,Pinheiros e Vale de Figueira,Tabuaço,239
181921,Távora e Pereiro,Tabuaço,362
182004,Mondim da Beira,Tarouca,585
182005,Salzedas,Tarouca,651
182006,São João de Tarouca,Tarouca,460
182009,Várzea da Serra,Tarouca,207
182012,Granja Nova e Vila Chã da Beira,Tarouca,429
182014,Dálvares,Tarouca,526
182015,Gouviães,Tarouca,330
182016,Tarouca,Tarouca,3807
182017,Ucanha,Tarouca,368
182102,Campo de Besteiros,Tondela,1318
182103,Canas de Santa Maria,Tondela,1607
182105,Castelões,Tondela,1414
182106,Dardavaz,Tondela,703
182107,Ferreirós do Dão,Tondela,355
182108,Guardão,Tondela,1228
182109,Lajeosa do Dão,Tondela,1537
182110,Lobão da Beira,Tondela,1002
182111,Molelos,Tondela,2225
182116,Parada de Gonta,Tondela,619
182118,Santiago de Besteiros,Tondela,1144
182122,Tonda,Tondela,893
182128,Caparrosa e Silvares,Tondela,819
182129,Mouraz e Vila Nova da Rainha,Tondela,1293
182130,São João do Monte e Mosteirinho,Tondela,780
182132,Tondela e Nandufe,Tondela,5214
182134,Barreiro de Besteiros,Tondela,759
182135,Mosteiro de Fráguas,Tondela,513
182136,Sabugosa,Tondela,475
182137,São Miguel do Outeiro,Tondela,739
182138,Tourigo,Tondela,441
182139,Vilar de Besteiros,Tondela,832
182203,Pendilhe,Vila Nova de Paiva,493
182204,Queiriga,Vila Nova de Paiva,523
182205,Touro,Vila Nova de Paiva,819
182206,Vila Cova à Coelheira,Vila Nova de Paiva,940
182208,"Vila Nova de Paiva, Alhais e Fráguas",Vila Nova de Paiva,1887
182301,Abraveses,Viseu,8350
182304,Bodiosa,Viseu,2840
182305,Calde,Viseu,1271
182306,Campo,Viseu,4802
182307,Cavernães,Viseu,1335
182310,Cota,Viseu,796
182315,Fragosela,Viseu,2528
182316,Lordosa,Viseu,1642
182317,Silgueiros,Viseu,2960
182318,Mundão,Viseu,2410
182319,Orgens,Viseu,3662
182320,Povolide,Viseu,1583
182321,Ranhados,Viseu,5891
182322,Ribafeita,Viseu,1079
182323,Rio de Loba,Viseu,9009
182325,Santos Evos,Viseu,1474
182327,São João de Lourosa,Viseu,4690
182329,São Pedro de France,Viseu,1217
182335,Barreiros e Cepões,Viseu,1394
182336,"Boa Aldeia, Farminhão e Torredeita",Viseu,2356
182337,Coutos de Viseu,Viseu,1500
182338,Freguesia de Fail e Vila Chã de Sá,Viseu,2512
182339,Repeses e São Salvador,Viseu,6751
182340,São Cipriano e Vil de Souto,Viseu,1699
182341,Viseu,Viseu,25800
182401,Alcofra,Vouzela,910
182403,Campia,Vouzela,1434
182407,Fornelo do Monte,Vouzela,256
182409,Queirã,Vouzela,1227
182410,São Miguel do Mato,Vouzela,808
182411,Ventosa,Vouzela,677
182413,Cambra e Carvalhal de Vermilhas,Vouzela,1362
182414,Fataunços e Figueiredo das Donas,Vouzela,988
182415,Vouzela e Paços de Vilharigues,Vouzela,1918
310101,Arco da Calheta,Calheta (R.A.M.),2999
310102,Calheta,Calheta (R.A.M.),3188
310103,Estreito da Calheta,Calheta (R.A.M.),1578
310104,Fajã da Ovelha,Calheta (R.A.M.),812
310105,Jardim do Mar,Calheta (R.A.M.),215
310106,Paul do Mar,Calheta (R.A.M.),635
310107,Ponta do Pargo,Calheta (R.A.M.),803
310108,Prazeres,Calheta (R.A.M.),685
310201,Câmara de Lobos,Câmara de Lobos,16556
310202,Curral das Freiras,Câmara de Lobos,1580
310203,Estreito de Câmara de Lobos,Câmara de Lobos,9348
310204,Quinta Grande,Câmara de Lobos,1939
310205,Jardim da Serra,Câmara de Lobos,2739
310301,Imaculado Coração de Maria,Funchal,5627
310302,Monte,Funchal,5794
310303,Funchal (Santa Luzia),Funchal,5490
310304,Funchal (Santa Maria Maior),Funchal,11768
310305,Santo António,Funchal,25940
310306,São Gonçalo,Funchal,5806
310307,São Martinho,Funchal,26929
310308,Funchal (São Pedro),Funchal,7204
310309,São Roque,Funchal,8349
310310,Funchal (Sé),Funchal,2875
310401,Água de Pena,Machico,2749
310402,Caniçal,Machico,3548
310403,Machico,Machico,9828
310404,Porto da Cruz,Machico,2134
310405,Santo António da Serra,Machico,1334
310501,Canhas,Ponta do Sol,3597
310502,Madalena do Mar,Ponta do Sol,508
310503,Ponta do Sol,Ponta do Sol,4255
310601,Achadas da Cruz,Porto Moniz,121
310602,Porto Moniz,Porto Moniz,1584
310603,Ribeira da Janela,Porto Moniz,200
310604,Seixal,Porto Moniz,612
310701,Campanário,Ribeira Brava,4317
310702,Ribeira Brava,Ribeira Brava,6232
310703,Serra de Água,Ribeira Brava,973
310704,Tabua,Ribeira Brava,1158
310802,Camacha,Santa Cruz,6239
310803,Caniço,Santa Cruz,24046
310804,Gaula,Santa Cruz,3925
310805,Santa Cruz,Santa Cruz,7136
310806,Santo António da Serra,Santa Cruz,822
310901,Arco de São Jorge,Santana,364
310902,Faial,Santana,1309
310903,Santana,Santana,2838
310904,São Jorge,Santana,1173
310905,São Roque do Faial,Santana,680
310906,Ilha,Santana,189
311001,Boa Ventura,São Vicente,1034
311002,Ponta Delgada,São Vicente,1043
311003,São Vicente,São Vicente,2788
320101,Porto Santo,Porto Santo,5149
410101,Almagreira,Vila do Porto,616
410102,Santa Bárbara,Vila do Porto,370
410103,Santo Espírito,Vila do Porto,597
410104,São Pedro,Vila do Porto,812
410105,Vila do Porto,Vila do Porto,3011
420101,Água de Pau,Lagoa (R.A.A.),2919
420102,Cabouco,Lagoa (R.A.A.),1970
420103,Lagoa (Nossa Senhora do Rosário),Lagoa (R.A.A.),5407
420104,Lagoa (Santa Cruz),Lagoa (R.A.A.),3528
420105,Ribeira Chã,Lagoa (R.A.A.),365
420201,Achada,Nordeste,387
420202,Achadinha,Nordeste,463
420203,Lomba da Fazenda,Nordeste,749
420204,Nordeste,Nordeste,1160
420206,Salga,Nordeste,484
420207,Santana,Nordeste,380
420208,Algarvia,Nordeste,240
420209,Santo António de Nordestinho,Nordeste,260
420210,São Pedro de Nordestinho,Nordeste,245
420301,Arrifes,Ponta Delgada,7294
420303,Candelária,Ponta Delgada,976
420304,Capelas,Ponta Delgada,3981
420305,Covoada,Ponta Delgada,1223
420306,Fajã de Baixo,Ponta Delgada,4924
420307,Fajã de Cima,Ponta Delgada,3293
420308,Fenais da Luz,Ponta Delgada,2227
420309,Feteiras,Ponta Delgada,1557
420310,Ginetes,Ponta Delgada,1184
420311,Mosteiros,Ponta Delgada,1021
420312,Ponta Delgada (São Sebastião),Ponta Delgada,4050
420313,Ponta Delgada (São José),Ponta Delgada,5756
420314,Ponta Delgada (São Pedro),Ponta Delgada,7495
420315,Relva,Ponta Delgada,2890
420316,Remédios,Ponta Delgada,809
420317,Rosto do Cão (Livramento),Ponta Delgada,4307
420318,Rosto do Cão (São Roque),Ponta Delgada,4590
420319,Santa Bárbara,Ponta Delgada,846
420320,Santo António,Ponta Delgada,1574
420321,São Vicente Ferreira,Ponta Delgada,2499
420322,Sete Cidades,Ponta Delgada,701
420323,Ajuda da Bretanha,Ponta Delgada,652
420324,Pilar da Bretanha,Ponta Delgada,576
420325,Santa Clara,Ponta Delgada,2804
420401,Água Retorta,Povoação,429
420402,Faial da Terra,Povoação,342
420403,Furnas,Povoação,1399
420404,Nossa Senhora dos Remédios,Povoação,1062
420405,Povoação,Povoação,1877
420406,Ribeira Quente,Povoação,682
420501,Calhetas,Ribeira Grande,910
420502,Fenais da Ajuda,Ribeira Grande,890
420503,Lomba da Maia,Ribeira Grande,1048
420504,Lomba de São Pedro,Ribeira Grande,348
420505,Maia,Ribeira Grande,1792
420506,Pico da Pedra,Ribeira Grande,3053
420507,Porto Formoso,Ribeira Grande,1096
420508,Rabo de Peixe,Ribeira Grande,8799
420509,Ribeira Grande (Conceição),Ribeira Grande,2634
420510,Ribeira Grande (Matriz),Ribeira Grande,3767
420511,Ribeira Seca,Ribeira Grande,2771
420512,Ribeirinha,Ribeira Grande,2510
420513,Santa Bárbara,Ribeira Grande,1188
420514,São Brás,Ribeira Grande,582
420601,Água de Alto,Vila Franca do Campo,1656
420602,Ponta Garça,Vila Franca do Campo,3156
420603,Ribeira das Tainhas,Vila Franca do Campo,640
420604,Vila Franca do Campo (São Miguel),Vila Franca do Campo,2486
420605,Vila Franca do Campo (São Pedro),Vila Franca do Campo,1380
420606,Ribeira Seca,Vila Franca do Campo,1005
430101,Altares,Angra do Heroísmo,849
430102,Angra (Nossa Senhora da Conceição),Angra do Heroísmo,3377
430103,Angra (Santa Luzia),Angra do Heroísmo,2471
430104,Angra (São Pedro),Angra do Heroísmo,3268
430105,Angra (Sé),Angra do Heroísmo,928
430106,Cinco Ribeiras,Angra do Heroísmo,683
430107,Doze Ribeiras,Angra do Heroísmo,431
430108,Feteira,Angra do Heroísmo,1343
430109,Porto Judeu,Angra do Heroísmo,2293
430110,Posto Santo,Angra do Heroísmo,1031
430111,Raminho,Angra do Heroísmo,464
430112,Ribeirinha,Angra do Heroísmo,2480
430113,Santa Bárbara,Angra do Heroísmo,1279
430114,São Bartolomeu de Regatos,Angra do Heroísmo,1936
430115,São Bento,Angra do Heroísmo,1909
430116,São Mateus da Calheta,Angra do Heroísmo,3777
430117,Serreta,Angra do Heroísmo,316
430118,Terra Chã,Angra do Heroísmo,2888
430119,Vila de São Sebastião,Angra do Heroísmo,2048
430201,Agualva,Vila da Praia da Vitória,1235
430202,Biscoitos,Vila da Praia da Vitória,1449
430203,Cabo da Praia,Vila da Praia da Vitória,670
430204,Fonte do Bastardo,Vila da Praia da Vitória,1171
430205,Fontinhas,Vila da Praia da Vitória,1529
430206,Lajes,Vila da Praia da Vitória,3410
430207,Praia da Vitória (Santa Cruz),Vila da Praia da Vitória,5956
430208,Quatro Ribeiras,Vila da Praia da Vitória,322
430209,São Brás,Vila da Praia da Vitória,1035
430210,Vila Nova,Vila da Praia da Vitória,1513
430211,Porto Martins,Vila da Praia da Vitória,1173
440101,Guadalupe,Santa Cruz da Graciosa,987
440102,Luz,Santa Cruz da Graciosa,631
440103,São Mateus,Santa Cruz da Graciosa,733
440104,Santa Cruz da Graciosa,Santa Cruz da Graciosa,1739
450101,Calheta,Calheta (R.A.A.),1275
450102,Norte Pequeno,Calheta (R.A.A.),196
450103,Ribeira Seca,Calheta (R.A.A.),897
450104,Santo Antão,Calheta (R.A.A.),629
450105,Topo (Nossa Senhora do Rosário),Calheta (R.A.A.),440
450201,Manadas (Santa Bárbara),Velas,361
450202,Norte Grande (Neves),Velas,463
450203,Rosais,Velas,661
450204,Santo Amaro,Velas,790
450205,Urzelina (São Mateus),Velas,896
450206,Velas (São Jorge),Velas,1765
460101,Calheta de Nesquim,Lajes do Pico,318
460102,Lajes do Pico,Lajes do Pico,1726
460103,Piedade,Lajes do Pico,757
460104,Ribeiras,Lajes do Pico,787
460105,Ribeirinha,Lajes do Pico,343
460106,São João,Lajes do Pico,409
460201,Bandeiras,Madalena,710
460202,Candelária,Madalena,829
460203,Criação Velha,Madalena,809
460204,Madalena,Madalena,2882
460205,São Caetano,Madalena,414
460206,São Mateus,Madalena,675
460301,Prainha,São Roque do Pico,530
460302,Santa Luzia,São Roque do Pico,436
460303,Santo Amaro,São Roque do Pico,255
460304,Santo António,São Roque do Pico,724
460305,São Roque do Pico,São Roque do Pico,1275
470101,Capelo,Horta,528
470102,Castelo Branco,Horta,1258
470103,Cedros,Horta,872
470104,Feteira,Horta,1776
470105,Flamengos,Horta,1561
470106,Horta (Angústias),Horta,2133
470107,Horta (Conceição),Horta,1047
470108,Horta (Matriz),Horta,2435
470109,Pedro Miguel,Horta,737
470110,Praia do Almoxarife,Horta,969
470111,Praia do Norte,Horta,257
470112,Ribeirinha,Horta,404
470113,Salão,Horta,354
480101,Fajã Grande,Lajes das Flores,220
480102,Fajãzinha,Lajes das Flores,71
480103,Fazenda,Lajes das Flores,261
480104,Lajedo,Lajes das Flores,75
480105,Lajes das Flores,Lajes das Flores,562
480106,Lomba,Lajes das Flores,200
480107,Mosteiro,Lajes das Flores,19
480201,Caveira,Santa Cruz das Flores,76
480202,Cedros,Santa Cruz das Flores,112
480203,Ponta Delgada,Santa Cruz das Flores,280
480204,Santa Cruz das Flores,Santa Cruz das Flores,1552
490101,Corvo,Corvo,384
